cookie_id,score
ck_315fb710a0e371e7,0.055367691994296184
ck_a76ee3b3e3e522fd,0.8089631289468324
ck_94c9a4d382689e82,0.7098798125891219
ck_8eaf9509ad9462a0,0.11986147891627622
ck_9a88a5a989cb5bc6,0.28335709920554086
ck_15239ef0689c1a35,0.39144428600529635
ck_8de69cd219d3b87f,0.929639437767366
ck_f92cd37022b0ce21,0.5537584029333876
ck_1a3ff7620580a514,0.3474434711753921
ck_397c03aa33a57310,0.9083316357710327
ck_a7cf6c3b322f6b7a,0.28266449378692193
ck_c39a9e75760e3201,0.2096964758606641
ck_88ab6d245228c38e,0.02289672030963536
ck_17733f75ebdea93e,0.14479527398655528
ck_58eb871e8d7bed52,0.7913628030148707
ck_e55b7fa67db1ec27,0.21535954369525362
ck_62f5cfe22c952694,0.6573232837645142
ck_7fbb709a0fe95759,0.1717661438174781
ck_87abe9cd066a20fb,0.8125891220207782
ck_d58e058b5c553dd5,0.2656752902831534
ck_d27b872648b71202,0.09916479934813609
ck_4b4a3c5b95c55b43,0.02134854349154614
ck_66dd4f4b4127256d,0.33330617233652476
ck_93cc12703b500613,0.758525157873294
ck_d28806a2179092eb,0.9968221633733958
ck_0595c2a0c7881e05,0.19633326543084131
ck_50087d8666191144,0.9036056223263393
ck_b08b3f089138c901,0.35449174984721943
ck_fe3b67041dad2dd1,0.03430433896924017
ck_8449a28f7d475d93,0.7644326746791608
ck_8642e3b6d84f49d3,0.47199022204114893
ck_e49b5e4f2f2e79db,0.9412100224078224
ck_437afe412ea4259c,0.8480749643511917
ck_569b83668d74042d,0.8135261764106744
ck_233a487d31c3e631,0.9988184966388266
ck_1fca72e03143a645,0.9834996944387859
ck_79205e31223df2ad,0.459319617029945
ck_9625a64406ea16e3,0.2717457730698717
ck_079bd18dacb704a8,0.8324709716846609
ck_4db6d4fd2b49aa81,0.6961499287023833
ck_0dbefdac0a1868fb,0.3070279079242208
ck_24ff97ad90bdd69a,0.8585862701161131
ck_77f8c5042065d506,0.24025259727031978
ck_f11be8ce05382cec,0.7706253819515176
ck_c9d72140b0389216,0.8455082501527806
ck_69eda24e931fb36a,0.010348339784070076
ck_ed471e496916ee15,0.6688938684049704
ck_ff090498c4b17ac3,0.20827052352821349
ck_c3c19d6a0720915c,0.09708698309227948
ck_af02e1817cfa40b5,0.7872071705031576
ck_2df5a9fc87553eb1,0.5656141780403341
ck_4ac918e884cff336,0.6376451415766958
ck_ca149244b54ef3ad,0.10629456101038907
ck_6babe5b8674ff51f,0.5324913424322674
ck_1573878386886290,0.14740272968017926
ck_3925f8565abb7fe4,0.11411692809126095
ck_c4de808ae69c771f,0.009003870442045224
ck_a777c813551281fe,0.3322061519657772
ck_df4424f6dd85080d,0.8853941739661846
ck_85e5494ec20383ae,0.45805663067834584
ck_f71a4094e889c3af,0.2688123854145447
ck_f2f3cf9cd23b2809,0.6111224281931147
ck_18e2076397bcc211,0.8028111631696884
ck_c9f9fddef39bc664,0.6853534324709717
ck_7e826e233d6ea028,0.22212263190059076
ck_62fd7eb46bee9210,0.34605826033815446
ck_206f8e3cd72768f3,0.7739254430637603
ck_aa295a11b0a6ab36,0.36068445711957625
ck_9a56739d81f84a53,0.33925443063760435
ck_aa075c418ed9fe5a,0.4545528620900387
ck_62b9fb3db284941b,0.3782440415563251
ck_f4f83b1403ebea46,0.43185984925646775
ck_16b66bd803288bc3,0.9220207781625586
ck_c4ca1434f3778f1d,0.9952332450600936
ck_1b823610371a29c0,0.26473823589325723
ck_c2bd5a722aa637d9,0.24946017518842947
ck_7890208951df34f0,0.4863719698512935
ck_020eb0e454524ecd,0.02212263190059075
ck_3b66196ccf436c35,0.5799144428600529
ck_109fc467ec0a4af5,0.8690160928906092
ck_f3dcd818db92de7b,0.5985333061723366
ck_31e7742f160980ef,0.5856589936850682
ck_77fce5f86f00b8f4,0.9145243430433897
ck_46bc797b4d07d607,0.11093909146465675
ck_37899b1b571b1c6b,0.20260745569362398
ck_ef8a6af43fedd464,0.2287227541250764
ck_bcc8519fe8521038,0.8986351599103687
ck_90696b7182dd9129,0.43067834589529436
ck_4a24ad61d017e1ba,0.7339580362599307
ck_0acc3d8c67218b9d,0.22880423711550213
ck_05c97fc9de11aba6,0.8968425341210022
ck_f8ac3a0500c0ec62,0.20688531269097576
ck_617b65141f546a1c,0.23023018944795276
ck_9d00823bf60388d7,0.612018741087798
ck_123c15d93f1840f2,0.8838459971480953
ck_573feefba6bf78bb,0.7147687920146669
ck_b25657bd16739036,0.2951721328172744
ck_bd26d2bef14a8597,0.1357506620492972
ck_a553418f2fba1440,0.5973518028111633
ck_89f3e380b0686963,0.31925035648808314
ck_b359192aa659bdce,0.10348339784070075
ck_02241f3dc301bebf,0.6182929313505806
ck_5ccc1a1c78cb33ee,0.8410674271745773
ck_349cc5edda1b8853,0.8840089631289467
ck_e9f228845bf6e28b,0.7058871460582604
ck_0a45d033d4e280ea,0.6147076797718476
ck_7e63168dda612235,0.19645548991647993
ck_676fa5f6aae5475b,0.3632919128132003
ck_74b502b20690ccfe,0.6206966795681402
ck_073509af21dd7f5f,0.9385618252189856
ck_498a0acd450944d8,0.13778773680994091
ck_7f15b50b29dead01,0.8607455693623957
ck_8089fe7403c5f537,0.38692198003666733
ck_05b2b04e11d9ae9c,0.48616826237522914
ck_31e70f2f04b48b88,0.1408433489509065
ck_994316fa5a02b319,0.06005296394377674
ck_b76510998b9a2260,0.42823385618252185
ck_4db95c310e105d30,0.048767569769810545
ck_6f730b77dc6cdb84,0.32206151965777147
ck_2493ee8e7b91d304,0.7100020370747606
ck_92d679d6ac7dcdcb,0.8458341821144837
ck_3a0e0200cbb185cb,0.6320228152373192
ck_0b2eeb4e00ff7955,0.5856997351802811
ck_9843d0e61c37ebe8,0.9905072316154003
ck_e61c8721e3ef1921,0.20782236708087187
ck_2e0eedaaf2980c2c,0.20847423100427784
ck_9036b2e5e9298a34,0.27724587492360964
ck_3265442528d51728,0.40387044204522304
ck_f2ddae2eb1cb29b4,0.5791810959462212
ck_6cfa71d27fc27f92,0.3446730495009167
ck_f3199fbe84a28b9a,0.6997759217763291
ck_b78d785ca3ef773a,0.3025463434508046
ck_374865697f1480eb,0.6675493990629457
ck_06d0e4a9189302a9,0.6456304746384193
ck_9c9884b9bcaa552e,0.879731106131595
ck_fd4cf578e87703ff,0.5527398655530658
ck_1917ef3e6e345549,0.8379710735383987
ck_e70418b00cbbbac9,0.7657771440211856
ck_a60388296a47062c,0.7226319005907518
ck_d598fe8d2c779ab9,0.44004888979425544
ck_646dc03de4c31803,0.9717661438174782
ck_e4fd8cbd842b6993,0.49187207170503155
ck_2225b555aa2a42ed,0.5726217152169484
ck_6be8ae9d78148882,0.21022611529843144
ck_4199342d3aca74e8,0.788307190873905
ck_779581adb573261f,0.46873090242411897
ck_bb303568b6915205,0.7889590547973111
ck_17c4296276448afe,0.41413729883886746
ck_a60a61ac829252a0,0.327724587492361
ck_6ea70950c1cae00b,0.967529028315339
ck_1abb93f6924645e1,0.6274190262782644
ck_faab769cce19879a,0.7223059686290487
ck_d5b8e74e7ca6355a,0.7078019963332655
ck_f11f7691af16ad07,0.01597066612344673
ck_188fdf2be7c92e9d,0.9940110002037074
ck_4a103f8254b366f7,0.2899979629252393
ck_bfa17a0b1760e616,0.03316357710327969
ck_a4d7f6a5869d440a,0.9751884294153597
ck_58e20f5a3e7f11b8,0.9638215522509676
ck_4becdd3d2696c7ba,0.3141169280912609
ck_dad5cf32ab9f243f,0.2576492157262172
ck_7d9f73dc7c4f90c3,0.8517416989203503
ck_c19371047a2d011d,0.14406192707272356
ck_247589ff532f7aa8,0.25895294357302917
ck_7a9f241d5f082567,0.04237115502138929
ck_0a2b7078736b4dda,0.10042778569973518
ck_687b412e2aac7eb6,0.6523935628437564
ck_fce0b6855886a0b8,0.4597270319820737
ck_e291cc60920456d0,0.9079649623141168
ck_04219a7ea798db51,0.8072112446526788
ck_286bfd719836e9f3,0.9012426156039925
ck_55efc92394fee232,0.35876960684457115
ck_e36c8da1bd359960,0.7223874516194745
ck_34b0988a97d96902,0.2572418007740884
ck_e0fb11fc9dcb34e6,0.37869219800366677
ck_bcc9cbc9ed8b7c31,0.4455897331432063
ck_3df8da6f60a89a5b,0.4676716235485842
ck_b1495ee5c59a6b28,0.5102464860460378
ck_58f4c3ac61fda129,0.8088816459564064
ck_735f244b99e3aa8d,0.47887553473212463
ck_6b93bd8abf87b1d6,0.9711142798940721
ck_12107dacc6d05bd1,0.07964962314116927
ck_f96db2a1f3448d1f,0.25940110002037076
ck_8fd91a3c99e19097,0.5078834793236912
ck_910205d25388a0ae,0.004888979425544917
ck_d229dfa0e4442628,0.08576084742310042
ck_7cdec61e1c488798,0.7255245467508658
ck_f66f06e24ff32671,0.5329394988796088
ck_350bf14e90b503f5,0.3265430841311876
ck_61fff5fdaadd394b,0.3087390507231615
ck_e934f984bad2ff91,0.9392136891423915
ck_ff6a6d3547dd2d37,0.46290486860867797
ck_65ad9b15979e3247,0.3697698105520473
ck_bbe1a2ea5a403ad8,0.9426359747402729
ck_6f3a28eecd2c4031,0.3633326543084131
ck_a89b66665714058f,0.4472601344469342
ck_918c92182b6817cd,0.7453656549195355
ck_64f5eb4be9e7b8fa,0.8829089427581993
ck_d021fd497ea35fb2,0.5715216948462009
ck_004de16f7d8a42ae,0.3414952128743125
ck_a33d2325f86ab12d,0.235322876349562
ck_89790ff26c844bc6,0.36426970869830927
ck_e6e7257377c37b28,0.8416785496027703
ck_a2cc3910a641a808,0.9507842737828479
ck_646e270e0195bf05,0.43161540028519046
ck_baba5d66def0d770,0.8891016500305561
ck_67cdcdda3033842d,0.5364840089631289
ck_b5c3075c811a2216,0.7345284171929111
ck_515379973a8044b8,0.1208392748013852
ck_c0ce85fb4109567d,0.5771440211855776
ck_fef850553862aaca,0.06213078019963333
ck_55d7217b0aff9fa2,0.3114687309024241
ck_8e139f8925ef7968,0.31696883275616217
ck_9e35b908fca1e4d7,0.04477490323894887
ck_59735f4ab2ad3da5,0.48462008555714
ck_dc569c1167ccec0d,0.9378692198003667
ck_1dade5592f90a15c,0.6866571603177837
ck_793048d11fb8b328,0.8671419841108168
ck_545b71eb4fa594b5,0.11016500305561214
ck_bd30853e9a57b544,0.28360154817681804
ck_59f46321ecf6d306,0.4592788755347321
ck_260cfe9141d249f1,0.9134650641678549
ck_3365a0ad1a8aa83c,0.30307598288857196
ck_b0ef193195a2138b,0.19804440822978203
ck_0f909705e2e60f2f,0.2503157465878998
ck_5a540b75c866166a,0.6200448156447342
ck_87c26b2f41025109,0.9945813811366877
ck_27acc9f320cda104,0.9017722550417601
ck_a27bc31eecd9cb9a,0.629496842534121
ck_115d86fabde77b65,0.09113872479119983
ck_eeca179341d56f8a,0.9311468730902422
ck_8e5999c436cf037e,0.046445304542676716
ck_510e7c5df1f95d90,0.9963332654308413
ck_f1acf73363925958,0.6653086168262375
ck_3c177f5970b68bd3,0.31134650641678546
ck_9cdfaa1c30cc9d32,0.0682012629863516
ck_c8efa1538b37c359,0.41185577510694643
ck_a8a2e296f9804bd7,0.6002444489712773
ck_91a0ca45f429568d,0.5189244245263801
ck_5fdf8a0bdbd3ed62,0.3687512731717254
ck_0f4e2ec66d50da5f,0.18358117742921162
ck_28c53b214b2ee882,0.9229170910572417
ck_003148504557f720,0.8799348136076593
ck_01d840cffb870615,0.9306579751476878
ck_555848d51f4b5f35,0.5171317987370136
ck_df20cc23b8fb8e22,0.38028111631696887
ck_f9604adde929beff,0.08205337135872887
ck_d66952b03591bdec,0.23304135261764108
ck_ddcac1ab765ff61a,0.6621511509472399
ck_347386629d96c664,0.5744958239967406
ck_ab01db9117acfe3d,0.2328376451415767
ck_58e5359efc52e0ad,0.12426156039926665
ck_1a524b5cc8da71b3,0.8558565899368507
ck_e9287b6d909d731f,0.3405988999796293
ck_bb41a66e3d90263b,0.9291505398248117
ck_e95c8cc1864bd584,0.7117131798737014
ck_7a3f2961e9a8b6dc,0.29696475860664084
ck_378a9df82b1e0bee,0.908250152780607
ck_42633573639a3f02,0.9764514157669586
ck_2a5a4c18c2c7274b,0.2596862904868608
ck_77549c1a41f837c3,0.3167243837848849
ck_a26704b5b26258b7,0.4927683845997148
ck_9874ad160efddf50,0.07133835811774293
ck_9111e3a04b14dfba,0.6882053371358728
ck_651e076ee43aea85,0.2378081075575474
ck_391639c0f13932f3,0.03911183540435934
ck_02dbabda93c8c13d,0.6063149317579956
ck_0adcb1fffcb0a34b,0.7826848645345285
ck_7a43ef9c7b1c67b5,0.47036056223263395
ck_4b9dd69946438d0b,0.4359339987777552
ck_90bf017cdd37b66e,0.7704624159706661
ck_61c74163eb36556e,0.4098594418415156
ck_13376c59b5bd6943,0.10454267671623549
ck_62337eccb1672737,0.19922591159095537
ck_16077934338472bf,0.1286616418822571
ck_0d4dfd93086e7330,0.5361580770014259
ck_3865b7525b910893,0.49142391525768997
ck_7e2ae8b69ebd5675,0.21291505398248117
ck_b4384b6c11766ce7,0.33966184558973317
ck_3d7fa32dfb9fc692,0.8212670605011205
ck_f4a6a7cadd6e0603,0.9031982073742106
ck_212525e2828a6c45,0.7902627826441231
ck_33ad8d53394ba77a,0.9412100224078225
ck_a5051eafe8b51224,0.3754328783866368
ck_f65e5ff7da565f91,0.24208596455489917
ck_5c37f7563fa7591d,0.5341617437359951
ck_f1e0a006068aff29,0.8022815237319211
ck_c646cdead6fb79d0,0.4350376858830719
ck_f8b3cdffef535330,0.8810348339784071
ck_e5cdbe3aa12c97f6,0.24734161743735994
ck_986e4e61440506d0,0.878794051741699
ck_6da9c5912e15d9a8,0.35225096761051133
ck_51d842e6dae74c71,0.2475860664086372
ck_5fc65c24e0736d5d,0.9653697290690568
ck_babb95a76c69509d,0.5750254634345081
ck_86a2d852a9715432,0.6170299449989814
ck_db4083a0d043def8,0.9396211040945202
ck_96953b8945b7d403,0.5567732735791404
ck_7831ca5c31fb3859,0.8935017315135465
ck_60ac5e5f375daa38,0.15188429415359544
ck_05d44eb1f5f085ce,0.41755958443674873
ck_432cc19c7eeaa46e,0.6449786107150132
ck_7fc513033af061af,0.8839682216337339
ck_ada6ede84c111719,0.75237319209615
ck_6343e0d3b1c2962b,0.49973518028111635
ck_010264ae04f2e902,0.9137502546343452
ck_e9dcf535f8c289eb,0.851863923405989
ck_37143d9cc296e6fa,0.31000203707476065
ck_61fa051192f3e810,0.6376858830719088
ck_f9f93d1d41be1468,0.9511509472397636
ck_c4f4f28457be8a74,0.007944591566510492
ck_323a71f9452d21cb,0.9534732124668975
ck_170f4688e0acd875,0.8588307190873905
ck_869b1878d09d230d,0.8903238948869422
ck_2f6b33bf46976229,0.8767569769810553
ck_b11e22e75d9b99de,0.11110205744550825
ck_123d75ffb75b606d,0.5278060704827867
ck_94295287a04c85d2,0.8406600122224486
ck_1b0434f096795328,0.4877979221837442
ck_0a4e191cd0a57ce1,0.09064982684864534
ck_d2fbd0df99634676,0.3863515991036871
ck_d51df5e9fbbbcc94,0.702750050926869
ck_2d3d7d64a6f443f8,0.4442452638011815
ck_731943c682c9394e,0.4367488286820126
ck_5ccc0c94e5e1f849,0.42530046852719494
ck_c3476080516db25d,0.6070890201670401
ck_5010ffb1c94187b5,0.08103483397840702
ck_7ef666d67bc70223,0.23055612140965573
ck_c1b493527224a27a,0.08576084742310044
ck_5d1e25d7acc5af9a,0.4792014666938276
ck_ec30b61cbf517db8,0.1305357506620493
ck_79323eb5d2e5efae,0.33648400896312897
ck_4085cd3bf2661518,0.32963943776736604
ck_2ca91214c357c072,0.895294357302913
ck_7f3132d6be389657,0.835648808311265
ck_e7a6b925c8f39a85,0.3621104094520269
ck_c886adec7bac250a,0.6738643308209411
ck_c3f360c2d0ea0a37,0.3874108779792218
ck_a7acd5b015823793,0.246037889590548
ck_9d64187c0800f84e,0.5148910165003056
ck_5d4ed73b9efd7d11,0.3120798533306172
ck_874eca6776b34dec,0.14699531472805052
ck_96a9221a87be93c3,0.8180484823793034
ck_68dd79a51eabf5e6,0.659319617029945
ck_8311cb6755b2016c,0.49932776532898754
ck_16fc77b2bcf5ec03,0.9868812385414545
ck_ad9e2088a33c8c72,0.004848237930332044
ck_7176bbc97b1e42a1,0.1015278060704828
ck_80dfa54b30f65fff,0.9590547973110614
ck_31c54d540b128843,0.14772866164188225
ck_43ea894480567274,0.8321042982277451
ck_9c9e8a38bd5a6c88,0.7561214096557343
ck_1c2dcae19539e148,0.8153188022000407
ck_b0fa8b84e94d8ae0,0.3502546343450805
ck_4ceb43ccd0a81c2f,0.25707883479323695
ck_ba845332b730b596,0.13285801588918314
ck_73d3e8c6077f61e6,0.9031574658789978
ck_b5d0d223ef56473f,0.6675901405581586
ck_949f08f8e80e93ea,0.061397433285801585
ck_73de0b49709e5f8c,0.19820737421063353
ck_b5935e9722a39819,0.742961906701976
ck_96247fee0eb44420,0.16683642289672032
ck_a6def1e4b2d57e0d,0.7397840700753717
ck_aecdc5a96321a2d8,0.4710124261560399
ck_bc61c59970f8de49,0.5197392544306376
ck_c43b4175fc9ac5bd,0.9598696272153188
ck_8ff7a9b23a55fd62,0.20244448971277246
ck_20c99b645f462449,0.1327765328987574
ck_a5ce2ae36fb410d9,0.015155836219189246
ck_96fb9bf556842bbc,0.6123854145447137
ck_b5e4c6dbbed1b773,0.6318191077612548
ck_2085433978e72ea9,0.8160928906090854
ck_2c6b174b063ec637,0.3514361377062538
ck_b20b81b88dabe28d,0.28176818089223876
ck_243c18dbf150831c,0.15591770217967
ck_2bb6a17e8eee35cc,0.7544102668567937
ck_66147fb994495396,0.9009574251375024
ck_73f124f075ede0fc,0.6138113668771644
ck_2e315f1b1e533dab,0.20712976166225303
ck_16c7bf94ed3e7a6f,0.02305968629048686
ck_4a0eae220a762ac5,0.6484416378081075
ck_dc16f939c2f44ad8,0.7358728865349358
ck_817926b449754917,0.4101446323080057
ck_0c0dde42ab64ef87,0.4111224281931147
ck_cb3a40594da6a2ee,0.8532491342432268
ck_d0dc156441fcfdcb,0.3931146873090242
ck_66f0945add423e9e,0.22782644123039314
ck_a74f6a3030f5d495,0.502750050926869
ck_1ae460f331e49ae2,0.45642697086983103
ck_2d177b2f4f0b40c9,0.9073538398859238
ck_92e474e4368c4791,0.5802811163169689
ck_3dee83fa2d109484,0.029619067019759627
ck_80e5ea27848069fe,0.15864738235893255
ck_ed0c4a83701ca230,0.6688531269097575
ck_0b8b7c5c581fd161,0.18977388470156856
ck_60bf8a2870956fb1,0.37677734772866167
ck_73a54b56a2bf35fe,0.9566103075982888
ck_2296d7a563424883,0.3095946221226319
ck_bc19c383560c7477,0.46832348747199026
ck_861d8e3d88f1079e,0.7988184966388266
ck_3f090fc96c24eb28,0.27516805866775307
ck_9a6a1f8102febfca,0.7160725198614789
ck_541b6ad5d2fa5a39,0.2186596048074964
ck_a760d38d1bc4de97,0.06530861682623752
ck_7dca4d7ee10b4eeb,0.16858830719087392
ck_15220e78d1545e40,0.5599103687105317
ck_ca24bb0de508efb0,0.19498879608881645
ck_56b389627d8f02c5,0.9606844571195763
ck_48a6754977a44db0,0.1868812385414545
ck_333a43ec339a04cb,0.761784477490324
ck_f22aacaf86a65d7e,0.8306376044000816
ck_04bd8a1ffaf3ffd8,0.07647178651456508
ck_2737a72de6b700f3,0.8038704420452231
ck_c35e03b0dd0c3454,0.5036056223263394
ck_e0571312f395cd94,0.4786718272560603
ck_09fab6b9825001b2,0.15933998777755146
ck_18c3a095606209e8,0.5229985740476676
ck_2a97db9377d01e36,0.23528213485434915
ck_f29dbbfdd2786bd1,0.3649215726217152
ck_35d6c510ad29362e,0.9177021796699938
ck_5468fa99c945d785,0.5148502750050927
ck_6f8102f62c876cc9,0.582481157058464
ck_91955aab3424ad16,0.2201262986351599
ck_9a43c0c73a39d759,0.8145039722957833
ck_60b023af6d1e30bf,0.9480545936035852
ck_9704c5cf8659cedc,0.5905072316154003
ck_7e5f02b51b9f78bf,0.8429007944591567
ck_7d3a88d1aa649708,0.9577103279690367
ck_8250eddc1ecb07a0,0.8338969240171114
ck_d979ef95ee44023d,0.5188836830311672
ck_5e5461dac83531ac,0.6545936035852515
ck_d1bb8890081e0a31,0.35225096761051133
ck_32246c62640648d9,0.03898961091872071
ck_77a40c7d2f862a32,0.7029130169077205
ck_1c8b94efe9238f5b,0.13534324709716847
ck_eaf3b6d11bc3cb11,0.04412303931554288
ck_a4a7ef3ad799c380,0.5496435119168874
ck_d5bd8f68da073cd8,0.9233652475045833
ck_6e6258227fc8db7f,0.03858219596659197
ck_c35d444e05799db6,0.744550825015278
ck_74665e1209140ae8,0.7647993481360765
ck_353a272478f7e903,0.5136687716439193
ck_a2c9796ea229a4e2,0.14508046445304543
ck_e0171f91cb3411fe,0.43202281523731917
ck_703499f5410280f7,0.023263393766551232
ck_ae3a763997f8f385,0.7903850071297617
ck_f7ff94c3df5ac874,0.49138317376247703
ck_f3c16d8f747db046,0.5489509064982685
ck_7ef019ed77276496,0.19784070075371768
ck_d6a4faadab58a3de,0.31546139743328583
ck_ba7b78d31d74c794,0.6680382970055001
ck_36287d063350ce9d,0.39449989814626196
ck_5177fc7137ff26ce,0.0353636178447749
ck_dfd4e79aaa967b63,0.38830719087390514
ck_fb44d15fb93a7157,0.7729476471786515
ck_fca478361870a4ca,0.48022000407414944
ck_e57b94fe57341058,0.5543287838663679
ck_5448c946cc4758fe,0.4799348136076594
ck_c5ece5ffb8800ad4,0.2666123446730495
ck_11cb98211b2ed134,0.9790588714605827
ck_f655399ac75c4450,0.4563454878794052
ck_c817259019588d30,0.5765328987573844
ck_8740a14d8096c6e1,0.5801588918313303
ck_0c5ba86f4e05b38d,0.6124261560399267
ck_ccc917533d4b73d4,0.32128743124872683
ck_9eb80edfa43203de,0.49794255449174984
ck_d1a1cf4cf61d6801,0.5788551639845182
ck_b17c239f160e6017,0.42053371358728864
ck_410c3e13b48e0415,0.07223467101242616
ck_ab553954435e8854,0.9508250152780606
ck_bdbb4230c91e1604,0.6890609085353432
ck_8fd4937eadd64fb6,0.21491138724791198
ck_e0e90b196bef3c11,0.16141780403340802
ck_3dc4d464386f0eb2,0.9295172132817274
ck_51bbbf8f8e8ad005,0.9957221430026483
ck_c05737ab74cf03c6,0.8209003870442044
ck_dceabbe04d99afc2,0.027541250763903034
ck_5b86fd14e85bc9c7,0.9448360154817681
ck_d4febf0083800424,0.7027500509268692
ck_77d9f86dcf251739,0.44791199837034024
ck_b4dcebc543deaafb,0.7330617233652474
ck_cb856e75c949b0cc,0.004888979425544918
ck_61b067de8ffc1ca1,0.5932776532898757
ck_c0e8560ccfd9dd9d,0.11994296190670198
ck_173e1198c341087b,0.1511916887349766
ck_b4d55bc809000276,0.6201262986351599
ck_839bf139296b5cea,0.22415970666123447
ck_78cd402a2a4f2e35,0.24351191688734977
ck_c2925c50ebacbdba,0.3150132409859442
ck_5e3bc76eddbdb0a6,0.08624974536565491
ck_b7793edca26fc512,0.4621715216948462
ck_d79bdf04d6f31cd5,0.2083927480138521
ck_4b97d19ed946f503,0.5139947036056223
ck_37139b41c5370523,0.7608474231004279
ck_8c346eeefa9ce692,0.3917702179669994
ck_2ab7eddee2d8c49e,0.22798940721124464
ck_29da59ea3bffb9d8,0.8561010389081278
ck_c1d05ef0ec6e4be7,0.4711753921368914
ck_3882423b449f6291,0.9771440211855775
ck_5647030283171ed5,0.9642697086983091
ck_efbdcd9c181e72ca,0.42929313505805666
ck_192fdad892782daf,0.8539009981666327
ck_0bf2e13b9f2601ac,0.7989407211244652
ck_3d6046a533057795,0.3601955591770218
ck_279a1d3a3836e5cc,0.5922591159095539
ck_c375e929becde422,0.33204318598492566
ck_a59e90219939a1f0,0.37274393970258707
ck_4e9fba1ec54c3ff8,0.38529232022815235
ck_bcbd8588a13f5eef,0.06832348747199021
ck_5f9a7ff990341bdd,0.11126502342635976
ck_e0403d507519b7d2,0.045834182114483604
ck_c9490cb61aff5112,0.5539213689142392
ck_41dd44308e6a665a,0.9003870442045223
ck_76c23726cd7ca947,0.36484008963128944
ck_9be551300209fa83,0.14703605622326338
ck_a98848eec6c9581e,0.46213078019963333
ck_61176dafb33b2d8a,0.9178244041556326
ck_92de019e05971ce3,0.5168466082705235
ck_5d644224135d7c65,0.37734772866164185
ck_c767fc454fa215d0,0.10490935017315133
ck_5df85a8924e11f27,0.6811163169688329
ck_da2729307af06ed5,0.6417192910979834
ck_7c6b577174af7a78,0.2767977184762681
ck_893b8afbe11301e1,0.13587288653493584
ck_e06f6fed020ae014,0.3778366266041964
ck_386680372fb54857,0.21356691790588714
ck_7a7f3c4fe0c9d2ca,0.28763495620289264
ck_f908b527c4db422d,0.7869219800366672
ck_ec2eee6a133e9a6f,0.791240578529232
ck_d98934f9fe0b02b3,0.34288042371155025
ck_398a1ed77b0130e5,0.18354043593399877
ck_d960af7a55b892b1,0.4108779792218374
ck_4637e54a9f79e2e7,0.1430433896924017
ck_02b9f418524f6650,0.647667549399063
ck_d4b23804cebb045d,0.3202281523731921
ck_35b1939c48182a9a,0.2490120187410878
ck_2dcbb71e39d64305,0.7598696272153187
ck_47a884dec960ff2d,0.7632104298227744
ck_71fd8c346fde5cca,0.8309635363617843
ck_98e1992ac8e7d2de,0.8069260541861887
ck_ae7780327e210522,0.5504990833163577
ck_e6c584b4b1ad6d9d,0.2025667141984111
ck_344b2e326a6c3dcc,0.20484823793033208
ck_9aa899a5230b0963,0.7582399674068038
ck_e48d14d5b70ef5aa,0.39547769403137095
ck_59d380a0973b3951,0.482990425748625
ck_11318f7c041a5ba9,0.46991240578529236
ck_7061786fe2f22f5a,0.6666123446730495
ck_e77529651c416cf7,0.42444489712772454
ck_7f79878197340435,0.1367284579344062
ck_b0a0fb0ee9ebf106,0.19755551028722754
ck_70c7679199776a90,0.49293135058056625
ck_b9facd2210daca5c,0.797433285801589
ck_9949f53c155b8dde,0.24506009370543896
ck_1c607e24f2c4397a,0.6720717050315747
ck_aefd1ce3ce093cbd,0.02085964554899165
ck_5a29b7018e43280c,0.0399674068038297
ck_69eb0b2ccfbe5f95,0.6699531472805051
ck_fe037765aa465c58,0.4264004888979426
ck_5e512ef5362a3dd6,0.3588510898349969
ck_544a9e80b7fdc279,0.09810552047260135
ck_7825494e654d5695,0.4902016704013037
ck_f1f2c3c623553f0d,0.008759421470767977
ck_52730906e5b461eb,0.9629252393562844
ck_01e0689157fe9617,0.8370747606437157
ck_9da82e567074da9d,0.5179466286412711
ck_6a17384072f904c0,0.5325320839274801
ck_8d84d771a21942a7,0.0869016092890609
ck_39638880292782a7,0.3767366062334488
ck_7d51c86e0eec72ac,0.49097575881034833
ck_45f4c821c70d134f,0.9464656752902831
ck_0af3c13ba56ce57c,0.07614585455286209
ck_0789a05e061b2784,0.9162354858423305
ck_6ba091eb42ffa9fb,0.8998981462619678
ck_265accb3c5c32620,0.86094927683846
ck_179039559ff7566c,0.6103075982888573
ck_17c0a6a92b5765cf,0.26449378692198
ck_59371c9140239fd7,0.30747606437156244
ck_f9c4f8b4ce2691f0,0.48669790181299655
ck_a2637e4872cf4811,0.8130372784681198
ck_1de43fd6c6c22a5f,0.8324709716846609
ck_6e4f31bd108571f0,0.09729069056834386
ck_da06d97db0b18851,0.24909350173151354
ck_e0346d5081e640e8,0.7890812792829497
ck_c1c7d4e62c9fcded,0.9022204114891018
ck_2595669e421299f6,0.6745161947443471
ck_3b6057d51fd4c7d6,0.6511305764921571
ck_c5f8ab515840a0fe,0.41063353025056026
ck_435cb24538c6f77c,0.772092075779181
ck_d84b5403da4cea7b,0.7189244245263801
ck_c2b61a98d1c8f6dd,0.9498064778977389
ck_c9dcd92b2f836b61,0.8349154613974333
ck_9eb5b3f5f672c2b1,0.039397025870849464
ck_e4cf189a8d31649a,0.3318394785088613
ck_6b114f2a48152b96,0.06885312690975759
ck_3fb95862b70f505c,0.7133835811774292
ck_7f780f465c29398e,0.38586270116113264
ck_ee387f9da79e67ea,0.761091872071705
ck_fa3b1e85d27af2ee,0.7991851700957425
ck_e739eaaa7a1822f2,0.6624159706661235
ck_dfa0ac11fcb1dabd,0.3848849052760236
ck_6e8751b571ea54d1,0.47830515379914446
ck_2d695f8358383092,0.5473619881849665
ck_e7dce27edb700f27,0.41849663882664495
ck_e322da8b213eab52,0.18325524546750865
ck_d0b32e039abb8200,0.0673864330820941
ck_b354003302b272ca,0.2907313098390711
ck_f7485cba392bc294,0.9163984518231819
ck_d6a290ff8362c7b9,0.8898757384396008
ck_c56a44fe315c0389,0.2367488286820126
ck_f77dfe6512eae322,0.6321450397229579
ck_35fe969c58b9e70b,0.8736606233448768
ck_4c518637db2322d5,0.8831941332246893
ck_cb61902798ecc4fd,0.65414544713791
ck_56e6cfa32156a916,0.3080057038093298
ck_343e6ed2b9d35c01,0.26718272560602974
ck_51440f64f7250ad7,0.7713994703605622
ck_295bca29c34cfe2e,0.6056630678345896
ck_dd30558576b45e7b,0.4212263190059075
ck_3a30132a57181fe3,0.7661438174781015
ck_4a733aeb833406f4,0.3339580362599307
ck_1b0b7c3d35ab1259,0.8119372580973723
ck_962c3bbf27cd4b80,0.8381747810144631
ck_9528e1d6b1707870,0.6312894683234875
ck_b3263e7f31aab45f,0.7160317783662661
ck_e69195a3c885053d,0.04591566510490934
ck_a907fa8795cd4baf,0.057730698716642895
ck_205c3405045bd835,0.26526787533102464
ck_e81fc223bed3c46a,0.7221022611529844
ck_363751deae40edfb,0.8869423507842737
ck_6176baea8cbebbb6,0.252189855367692
ck_633e6579f5c74a5c,0.9638622937461804
ck_ddc11fc481eef58d,0.5770217966999389
ck_e975002c979e12c7,0.8037074760643715
ck_8e039b23acaaac00,0.7104094520268894
ck_1d6990d94a4d2ad6,0.5742513750254634
ck_e7b583acaa3171a2,0.6723976369932776
ck_c0133f60d39b2fb5,0.5700142595233245
ck_7d6bff85e7a694bc,0.14919535546954574
ck_d305b4d82f63f647,0.06180484823793033
ck_22bd0fc71f95e048,0.6688531269097575
ck_9a65fcfc7916f93f,0.021674475453249138
ck_d61c837b0106085a,0.8257486249745366
ck_be86a1db08dea456,0.6333672845793441
ck_90489c405e6886d8,0.04685271949480546
ck_0add2c321d579d75,0.6077001425952333
ck_482dea6eed92cbbc,0.37909961295579553
ck_c24b47184534cc2c,0.9982073742106335
ck_fa04ac31e596e7d6,0.7796699938887757
ck_084322dc5a3a86f0,0.5060501120391118
ck_ccb72a33cc1877b7,0.5607251986147891
ck_afaf374009d3b248,0.40146669382766353
ck_b53084ffede19a8e,0.08229782033000613
ck_4760216154c8cac2,0.9291097983295987
ck_37ad3a65db673e70,0.258341821144836
ck_0c2932cc0d553694,0.4903646363821553
ck_86b853c52f20fef5,0.1868404970462416
ck_38703b7546d35a80,0.7890405377877369
ck_218b7e6e6dbd2da0,0.07378284783051539
ck_402db4184982fdf5,0.6200448156447342
ck_f917c82af80e4a79,0.8236300672234671
ck_3c6417a233c68c73,0.6908535343247098
ck_98068c397d70dd3a,0.700509268690161
ck_b1cbd6679c0f8d95,0.3655734365451212
ck_9e962f9bb0e7bac2,0.49142391525768997
ck_b08247c3ad567d92,0.9414137298838867
ck_3ef7a03ebb81cfe3,0.02163373395803626
ck_5d7ae0e3562e99bf,0.8728865349358321
ck_c91a628236baf91b,0.8502750050926868
ck_7f8e816ca51755e3,0.9537991444286005
ck_5aadd286d188f5c3,0.1939702587084946
ck_a037aff5f8128c73,0.23389692401711143
ck_5df6529ce8290906,0.48987573843960075
ck_5f3609511443e5a8,0.2193522102261153
ck_a6f61864fac3c8fb,0.21959665919739252
ck_2733fc6ba23ae46e,0.6902424118965167
ck_22bfb9246646eb41,0.9463841922998574
ck_bfc2a57d8fd1610c,0.9311061315950295
ck_49839e761d0e74e9,0.29419433693216546
ck_aa4ba931dd37481d,0.12927276431045018
ck_2f9fa0d61829f815,0.22122631900590747
ck_5b82c774df10d49b,0.16785496027704216
ck_411219470d0a195c,0.4248115705846405
ck_d07485ba10514a2d,0.9291097983295987
ck_219bef979ee21bdf,0.03687105316765125
ck_eb1006e7285184a6,0.6302709309431656
ck_fd242b18575e3063,0.8337339580362599
ck_95188150ff059c70,0.7353839885923813
ck_a9ca2f447b984a6a,0.5132613566917905
ck_2dd39723c4088b64,0.4192707272356896
ck_aa2b4c662ff213b6,0.5245467508657568
ck_1867b1199c864db5,0.7638215522509675
ck_850ec97a5a0dab9a,0.6896312894683234
ck_562320295fa35875,0.27586066408637194
ck_bab5759b07fe2bea,0.04550825015278061
ck_b9f1465d803e57b2,0.8961906701975962
ck_8f21f2690c32c691,0.846363821552251
ck_df87d6f61a63eb21,0.8446934202485231
ck_770475876d0e7e6a,0.27610511305764923
ck_b4c014d5c0cc9eb2,0.1346099001833367
ck_3add4d23124c9290,0.28009777958851095
ck_bce5b7fecfb6264d,0.9083316357710327
ck_604c17cb97dc89be,0.7509472397636993
ck_e52cbcd9aafd26b2,0.11106131595029538
ck_0ac9114076f5bf3d,0.3250356488083113
ck_dcc125b178b79566,0.03585251578732939
ck_4e333c09f0c37dee,0.8246486046037889
ck_ff7e31ff8ba731e5,0.2696272153188022
ck_8d0532d24f1070d1,0.009696475860664085
ck_3689fa41748a6f6b,0.9005500101853737
ck_7509eb97c1948b16,0.1817885516398452
ck_a9161cf1ca22a6bf,0.37600325931961703
ck_bed3e3db135b782e,0.7788551639845183
ck_9040edd974ef8e3f,0.955265838256264
ck_fac32d76ed40f683,0.5073538398859239
ck_3d7b1078e2d57c69,0.22061519657771442
ck_dae09c4e074af5dd,0.5224689346099003
ck_fd84507228467b40,0.8527602363006723
ck_e2a2ce9b8cf44c63,0.327724587492361
ck_cbe716f351d660d4,0.25133428396822166
ck_cba4162ef29a6d27,0.31957628844978614
ck_4f1e962ff8a29732,0.09060908535343246
ck_39a81899dded61e4,0.20089631289468324
ck_25382331551d22a5,0.7560806681605216
ck_6d64e1c07b19856e,0.6629863515991037
ck_165a868bdef28ad3,0.7062538195151762
ck_88774ae52e30e877,0.6354858423304135
ck_fc7a9d0643570053,0.008270523528213485
ck_c2017120b3b88a46,0.5311468730902424
ck_d115ac6b9fd62a7e,0.2886534935832145
ck_439cf7d51ec7de0f,0.43328580158891833
ck_2468a7e9e68a0927,0.3575066204929721
ck_7c418947124dee8f,0.851863923405989
ck_fb0cf32c4a56f740,0.5527398655530658
ck_694eb6c43193afd4,0.8543898961091874
ck_993beb188dd4abb6,0.4918313302098186
ck_77fa39d3b733c226,0.8755754736198819
ck_49969a9abc47cb69,0.4368710531676513
ck_d3f44bbe2f7e9b2d,0.4647382358932573
ck_fcf5b8216d0c18ef,0.2667345691586881
ck_daefe1e2d2bc362d,0.11362803014870645
ck_9c9287cb28950eb6,0.7470360562232633
ck_c1d1a625b885a975,0.7081279282949684
ck_71b37fe47490b4ba,0.3188429415359544
ck_5d16e257c0635f7e,0.9392951721328172
ck_15918075563eb074,0.07431248726828274
ck_9a15fdefc47e8d11,0.672275412507639
ck_6f04d047d1dde75e,0.025830107964962313
ck_1af2c0b3b8d202c1,0.44485638622937457
ck_174be2231c5fd2b6,0.21377062538195152
ck_bb0713a2a1d65982,0.39869627215318804
ck_0daec63bd5b0729d,0.607455693623956
ck_c0b5cc3e8ad2ff44,0.8288042371155022
ck_35bee1fc12664644,0.8856793644326746
ck_a1c7cf63467df4c2,0.14357302913016906
ck_ecb1e15f0b185ceb,0.8657567732735792
ck_f280d31f54a4710a,0.7106131595029538
ck_30f4b2ee8abe1342,0.8950499083316359
ck_66bed631354de5b7,0.22717457730698717
ck_c2d3ecd7278eba2c,0.1289468323487472
ck_e901dec0e09eccbb,0.214259523324506
ck_5d038ecb3c8748a3,0.4271338358117743
ck_283c5bea94b21e80,0.3475249541658179
ck_7956c251b85f009e,0.9452841719291097
ck_9f5f81d771146aa1,0.019963332654308413
ck_9323e6fc1e168eda,0.9577510694642495
ck_10495d3a635b8d69,0.7809737217355878
ck_1982d571cd36eb0c,0.40334080260745575
ck_4f5d7985bcc2eda4,0.1411692809126095
ck_7df526b2b4410bb4,0.6592381340395193
ck_dbb498b1a346a402,0.04334895090649827
ck_ef059997563e3330,0.3761254838052556
ck_02ec4e06709e6b82,0.183458952943573
ck_9782c86ba6485f88,0.08592381340395192
ck_d69de468b44143ca,0.24196374006926055
ck_6430a8792f400e0a,0.6701161132613567
ck_8285bd3c90af94f6,0.3811774292116521
ck_985c9ca112000e9a,0.7472397636993278
ck_e679fbf4f4f4aa07,0.7277653289875738
ck_016e8c8eaf9d511b,0.5557547361988184
ck_bc996c523944644b,0.6905276023630067
ck_5b8315726f6204e0,0.5229578325524546
ck_78181f8e998e442f,0.10788347932369118
ck_71c68dfd011dbbbe,0.9638622937461804
ck_db32c95ce2b6f502,0.9520880016296598
ck_755010362a9b1bc4,0.21356691790588714
ck_114141d85256c9ff,0.0179262578936647
ck_9d1a5cf5a3b87e48,0.5793033204318598
ck_ab640420858ab5c4,0.882705235282135
ck_97a8dac48dd62488,0.8992055408433488
ck_879cc3166fe1bada,0.48156447341617437
ck_b0ed11080076e381,0.46400488897942554
ck_7334a9ec656263b2,0.3118761458545528
ck_6494f0ef13ce44d9,0.31240578529232027
ck_724e459b9ece38f4,0.7942147076797719
ck_7fd8b1470401695f,0.9470360562232634
ck_292f81186358b0fa,0.25292320228152376
ck_fa7de64d37287615,0.70177225504176
ck_d00e09e66ed6458b,0.9196985129354248
ck_b8d210e741be186e,0.08091260949276839
ck_3db59982cbae4410,0.6669382766347525
ck_69887d0a9aaca6df,0.04868608677938481
ck_4feb21e2fb0b3977,0.393522102261153
ck_08c6cc1e143475e3,0.46942350784273784
ck_fe6e168cdbb46b9a,0.8758199225911592
ck_07f1734be7fac56a,0.6962314116928091
ck_d66d59981307db93,0.5965777144021185
ck_f928dba0d587d7c1,0.024404155632511713
ck_786448fe3004cbd0,0.21377062538195152
ck_29ea329fa40ace62,0.5330617233652475
ck_7ea52b6f27edcb73,0.6950906498268485
ck_18bc51bbf3ef198e,0.7460990018333672
ck_44950df09ff14ded,0.14169892035037684
ck_c1466b52c0a10b93,0.3852515787329395
ck_6cdac067cc4db5c5,0.8387451619474435
ck_53f55c6e8cf2d432,0.0718679975555103
ck_95945f48453ca532,0.8113668771643919
ck_87cce4126e215153,0.46196781421878186
ck_1ecd5516c92caa4f,0.06966795681401508
ck_819b482bca14c068,0.9313505805663066
ck_a61a879dd46fc9f2,0.3236911794662864
ck_af70aa32c009c3c9,0.44506009370543903
ck_f4fe78e249092ab1,0.6194336932165411
ck_12c46bc52bf45b36,0.6976981055204726
ck_f05f5e4b40afa52f,0.8562232633937665
ck_0f8cb09d3f4fc980,0.721531880220004
ck_80a64a7f0275a71d,0.2653900998166633
ck_683af7b1540a0b22,0.7665919739254431
ck_51fe0b613c076cbe,0.12898757384396006
ck_da1a2450219dcf19,0.4501120391118354
ck_2a7eba01ceba6c2c,0.5326543084131188
ck_4e329e29dfa743ea,0.9250356488083114
ck_0274d881d6db82c8,0.3863923405989
ck_0af5b7d128035b35,0.2970462415970666
ck_ae0a7be6b0a0ea68,0.6009370543898961
ck_de5bb7a4d091386d,0.8974536565491954
ck_2bb7c17168a9d17d,0.7103279690364637
ck_0ffdff7b2f5fdfe4,0.23401914850275002
ck_718a8390b3d42d7d,0.15119168873497657
ck_7c4f12d70f184533,0.05728254226930128
ck_d3e2c26b8adff099,0.5216133632104298
ck_ac9d3d9754104cf0,0.126420859645549
ck_3b1766a1d51f8f0e,0.9087797922183745
ck_a9bf75bea912027b,0.6856386229374618
ck_687eab3ffe1f8cfa,0.6067834589529435
ck_25dd0b02af5b2f37,0.7471582807089019
ck_1747fcc466f0ae38,0.052882460786310856
ck_f6e9d14dfb6f3c28,0.6516602159299245
ck_c6a7bbd0adc4d5f3,0.6744347117539214
ck_46656a23f4456d22,0.9440619270727236
ck_7519260415c2998e,0.4487675697698106
ck_754f30ea19df857c,0.4724383784884905
ck_ba88a244d5f7380f,0.6371155021389285
ck_f268416945316815,0.38109594622122633
ck_21860dd2159dff28,0.10103890812792829
ck_7a86ef4e2beaec38,0.02485231207985333
ck_0414507baeea936a,0.6497861071501324
ck_60796eb60fc3043e,0.23703401914850275
ck_1e0841ed17fe0562,0.4970869830922795
ck_0d641d32658d6e0f,0.22705235282134856
ck_b36086ae6d87eec1,0.19800366673456912
ck_962e65ab33b5c311,0.9760440008148299
ck_b046a42684468e63,0.39804440822978204
ck_ab3426435b0017d6,0.6653086168262375
ck_fcfe06e44d09a344,0.33057649215726215
ck_0f6d916c92189516,0.5924220818904053
ck_d4c8f0d957c3965d,0.5740884090446119
ck_2ca83dbd728af019,0.3914442860052964
ck_2857a4ce9f72fbfa,0.054186188633122835
ck_a60e6edc48e3d0ac,0.9363210429822775
ck_0cbd3b27063d4415,0.88136076594011
ck_612089ec90c37219,0.3425137502546344
ck_ec4e597f17f473c6,0.22240782236708084
ck_1c93cc58f314bf71,0.7221430026481972
ck_2b359a979520276e,0.3964962314116928
ck_1496568ddc3b2d56,0.6583825626400489
ck_41d91dc9f5063566,0.571155021389285
ck_4c5ff58afe3d7a67,0.11110205744550825
ck_81709736281fa3eb,0.08474231004277857
ck_d89abbab3d4957aa,0.37918109594622124
ck_52453401f88935da,0.5634141372988389
ck_a477654d34783e06,0.09382766347524954
ck_72dd0dbdf808cb00,0.7061315950295376
ck_c183dff3781746cb,0.8733346913831739
ck_c8b7f241810b45e5,0.07076797718476269
ck_f88028c3f306bc70,0.5227948665716032
ck_91d48d69e4f5d9c2,0.20154817681808926
ck_b74b9ba6d7c9aab7,0.8397636993277654
ck_03e904682dc73bba,0.39392951721328173
ck_fc6fed6ea96a004a,0.46779384803422286
ck_51efdd240e34c642,0.7480545936035853
ck_e78ab4ff52b5fd2d,0.26490120187410876
ck_4af7b97c24d89a45,0.7832552454675086
ck_295c0072eca7f7a2,0.40435933998777757
ck_8abd1a50a9227463,0.6038704420452231
ck_ecaa6f13304e3dc5,0.0975351395396211
ck_de436e7b319be1fa,0.9972295783255246
ck_c802cf8f61466027,0.2769606844571196
ck_3d83e0a3c1cfbf8b,0.5252800977795885
ck_28d2003c2d16e4b6,0.029944998981462623
ck_8ddaf745bbb9cd62,0.04106742717457731
ck_493b6256091014cd,0.6777755143613771
ck_a2245822cfea997d,0.27186799755551033
ck_f7305b3c64cf8a03,0.7823589325728253
ck_9937dad93a0ed3c1,0.29052760236300673
ck_d654449f9231ad76,0.15237319209614994
ck_850e2b59bc535490,0.6706457526991241
ck_e55e5bdfc0242aef,0.6393562843756365
ck_d35c51e981b98c5c,0.5225911590955389
ck_27cdf9c5e6f0915b,0.6483601548176818
ck_d328db1e1052d820,0.38109594622122633
ck_0ea30eff5f361cba,0.2850275005092687
ck_9994323f97109f4b,0.9865145650845386
ck_09054e97bdf9624e,0.11986147891627622
ck_723b4afc388113c8,0.5865960480749643
ck_588f6e6a6a6d93e8,0.6094520268893868
ck_e1d563fab4d6116a,0.5439397025870849
ck_53aca610e20598bc,0.3674068038297005
ck_c8131ddc7ed33448,0.4450600937054389
ck_899f88464305824a,0.44298227744958246
ck_1c17c65804f8889e,0.4554899164799348
ck_45a16ce12893cf9b,0.38916276227337543
ck_f9d481aa4f9b2808,0.9418618863312285
ck_1d5d74169cf892ef,0.7115909553880628
ck_aba32acb61c1aaca,0.6893868404970462
ck_ec4dd3675a8d28cc,0.35127317172540234
ck_5dcd443fe0bbdeac,0.11794662864127115
ck_3a47e3f54475e854,0.3495212874312487
ck_a9aa5c344c315532,0.6471379099612955
ck_9652283c9f61fcec,0.07997555510287228
ck_752dd3d2487f78ea,0.37710327969036467
ck_a821980ac4db9943,0.9174169892035037
ck_93e0d6befb67f7a1,0.7631289468323488
ck_e7a3881c3e36bd51,0.8985944184151557
ck_12631b78f8a03df2,0.14169892035037687
ck_57b8226610b48854,0.29403137095131393
ck_352657008983fd4b,0.5251578732939499
ck_0841a5c24fd3dd28,0.5425137502546343
ck_db9b9d5d30f74070,0.6636382155225097
ck_a9dded7f6294e44f,0.7158280708902016
ck_91a16336ce3217dc,0.49187207170503155
ck_371bd9388b287677,0.06510490935017314
ck_f285e5e1912a7c62,0.1414952128743125
ck_368b65fca69fc415,0.7153799144428601
ck_d27a73596b6500c2,0.4939498879608881
ck_2d963f9b2c4d11e1,0.7235282134854348
ck_7c500e219af39486,0.21719291097983295
ck_7d025dea5951cba7,0.3124465267875331
ck_32f632706608859e,0.22538195151762067
ck_53816231f3ffb48d,0.22289672030963534
ck_9dbe184e81c1ca8d,0.8373599511102057
ck_d74123617f22a21e,0.1506213078019963
ck_275386782b1606f8,0.09093501731513547
ck_0b0e79d33e50cba5,0.05842330413526177
ck_ba93cb604f792915,0.7096761051130576
ck_a86cd653472eccbc,0.39967406803829697
ck_87771861e0447210,0.8862090038704421
ck_212380e0371d8a6d,0.5447952739865553
ck_ef0d702d7b0ed745,0.09562028926461599
ck_2b8f33e22f939372,0.9516805866775311
ck_480347ad92037105,0.5932369117946628
ck_20124c3a16c53ce4,0.5698512935424731
ck_c9e1e3229baae708,0.5108983499694439
ck_b1befe967f7a5ebf,0.7096761051130577
ck_4672167d7c989bbf,0.7778773680994092
ck_f0c44ee5e3a42e3d,0.6278264412303931
ck_c416357d20238a4e,0.36125483805255654
ck_d0f470f8078c91df,0.6382358932572825
ck_3a70b4ee59084715,0.39645548991647994
ck_179ed66cdfc1ce27,0.37502546343450804
ck_387e5a7f163c7837,0.7536769199429619
ck_08fb463e69f647c8,0.9882664493786922
ck_732f725747393ec8,0.6367080871867998
ck_7cc5e0fa3ca5a713,0.4579344061927072
ck_ad4a4daa826ac68b,0.8065593807292728
ck_472e0be7a3b533bb,0.8033408026074558
ck_7190177963eafdd9,0.5197799959258504
ck_647ac26c5900f082,0.3537176614381748
ck_272ae2179bbd8e58,0.2404970462415971
ck_09b0d8af304646bd,0.03935628437563658
ck_ca0cc8ea9f344408,0.3668771643919332
ck_332ad134fb909869,0.21531880220004074
ck_fca2798914627dc8,0.8930535750662049
ck_4450b55f462ae134,0.25923813403951923
ck_d67d9dfb60b286b9,0.05434915461397434
ck_a9d2bb4f2bde7052,0.2497453656549195
ck_929bcae878a3ecb3,0.9342024852312079
ck_59a9e000fa275e1f,0.5127317172540232
ck_57f17254e2688637,0.5655734365451212
ck_0508908697f60ce3,0.8646567529028315
ck_946afc2943298d26,0.20101853738032185
ck_7176d12b18f2cc0e,0.6856793644326747
ck_5c47b49c26cce286,0.6545121205948259
ck_b6a2bdb2d335e1d0,0.9918109594622123
ck_1d58f6caaa4d012c,0.4290079445915665
ck_71c917295020ccc7,0.043471175392136886
ck_bc89644ae3688995,0.22819311468730902
ck_e7c212f16d6df272,0.4037074760643716
ck_c6d2e11a368184e6,0.18072927276431047
ck_eed7f1f7548df15b,0.38423304135261765
ck_75b69034000ca7bb,0.690772051334284
ck_38da3bf629458682,0.16015481768180892
ck_90114c891239d821,0.13465064167854962
ck_8ee08f6777cc155b,0.5821552250967611
ck_bd86132499defcd0,0.25398248115705846
ck_b95fbf2b5640aa82,0.404522305968629
ck_c530235393360e3b,0.42077816255856587
ck_be52a7ec43241ba4,0.7514768792014668
ck_d96eb3cc55f2772f,0.4743532287634956
ck_dd34f0a844fb115d,0.914768792014667
ck_17cc7b411f448e66,0.5512731717254024
ck_856ea65fa27d06dd,0.6519454063964147
ck_056d5f0301c30902,0.8274190262782642
ck_e662b14b2bab23a2,0.9069056834385822
ck_209f574c8d92274e,0.48323487471990223
ck_62720b81617896cc,0.4752902831533917
ck_041614694b77e599,0.2412303931554288
ck_461e3f7b97db8d16,0.7385210837237726
ck_1b74b798eebeabdc,0.47997555510287226
ck_0ed2739384f1d644,0.5307801996333266
ck_5a4d19f1b83feeb8,0.1695661030759829
ck_463937167965a1f8,0.607781625585659
ck_9d7151dbdf100e0e,0.6961906701975962
ck_20a7d1ce6cc27312,0.2279079242208189
ck_6031211ff118cf0f,0.3541658178855164
ck_a6fc92aa91e99b77,0.9823589325728255
ck_0aaaa9d2f75a0518,0.40770014259523324
ck_ec26e327cc1848b2,0.2083927480138521
ck_0e6bebf8ae9b9b03,0.7198614789162763
ck_e107537a4cb738f4,0.4700753717661438
ck_e8ea56e122a5a487,0.7680179262578937
ck_98149ed45d38c4d3,0.8274190262782645
ck_0e719b3a6906b8f1,0.011733550621307803
ck_0c6e7bd357e4a348,0.26274190262782643
ck_d3b2b250da61db19,0.9696475860664087
ck_8bb6b0a292754576,0.8252597270319821
ck_87d70f5fe48a6128,0.6539009981666327
ck_ea9edf9c107d429f,0.3110205744550825
ck_059806c52cebe4f1,0.9008759421470769
ck_a72d6df666e1c21c,0.34907313098390713
ck_1d2b80ab6c4944b9,0.23124872682827458
ck_60557f077abc42ca,0.9334283968221634
ck_e5f5cb7dd6ce4a37,0.5063760440008148
ck_4c4a939154446053,0.08148299042574862
ck_50ede3eb561a202c,0.56626604196374
ck_6d03a542922b2ae8,0.29048686086779385
ck_d6fe761ed0db3270,0.7263801181503362
ck_7f0cd6ea3096f985,0.6583010796496231
ck_23edb6d938a3b87b,0.1137502546343451
ck_799aaf9f2b9ef621,0.4237522917091058
ck_f8f6a03613b6dda8,0.22415970666123447
ck_7cffb189f4f514ec,0.9850478712568751
ck_c081e1967dcd811f,0.7931350580566308
ck_583d6ca78c97d91e,0.9341617437359953
ck_9332bbc7125219a7,0.3408026074556937
ck_956b5af6d7d86c65,0.9647178651456508
ck_2d634e3f24681c0f,0.6895905479731106
ck_7b35d218ed0c5a60,0.4998981462619678
ck_ca5b1057f8248f73,0.5425952332450601
ck_ec5ea81cf813597c,0.5569769810552048
ck_eaebaf4d28400fb8,0.42534121002240777
ck_ae2ab6be219219aa,0.3166021592992463
ck_d99a8b4c820eb46b,0.3685068242004481
ck_bcfb7ffb7cd428bd,0.4828274597677735
ck_3dd542c2d31be2c0,0.4554899164799348
ck_c7dd84401e29a7fc,0.1654512120594826
ck_c4bcc7cefd40f8e2,0.06567529028315339
ck_c251898b5d51e3b0,0.132898757384396
ck_36d37be780c1291c,0.0604196374006926
ck_99b4f266b61ae7ee,0.6431452434304339
ck_c37f03995f0f0169,0.03238948869423508
ck_65a23ac8e44eb901,0.29509064982684863
ck_644b1c1149eea9e0,0.761784477490324
ck_9cf44eb0237c2429,0.16174373599511102
ck_20541686a94fb71c,0.6900794459156651
ck_c18245be844680f3,0.48523120798533304
ck_56de216eda6b7fa6,0.0723161540028519
ck_406c4442dee45cd1,0.032959869627215324
ck_df1585c7d72a96e0,0.16231411692809125
ck_b8e8dba20676d87b,0.6637196985129353
ck_0ee6965e68efc177,0.7910368710531677
ck_c2a5c54ad8d0d297,0.6384599714809533
ck_bf6fb7e6470e95cb,0.04982684864534529
ck_27fa694569140345,0.008514972499490731
ck_e04166b0ce66393a,0.2286820126298635
ck_8742114f4f0cb22c,0.8558565899368507
ck_6eceeafd56b42576,0.9456915868812386
ck_34f9951b0eca1965,0.42790792422081897
ck_384ccecd342a24ad,0.16569566103075983
ck_49c98bebd1338879,0.028152373192096146
ck_6c26c12071c91ff6,0.3168466082705235
ck_01e5986ebb9a78f1,0.5950091668364229
ck_121db7ba3be29ee8,0.45976777347728665
ck_039e6d5a330cea1a,0.8643308209411285
ck_ae8c9163cf957d7e,0.6475860664086371
ck_3f5e8f3f1df0c8c7,0.8555713994703605
ck_b1c51fdafcd80122,0.6432674679160726
ck_12e2b5ebfe8986b2,0.1333876553269505
ck_d55eb81a4d543c59,0.4193929517213282
ck_f85155ca5c312c7b,0.48857201059278876
ck_133d8a1ac7c0e301,0.9951517620696679
ck_04212a9bb9b28696,0.9966999388877571
ck_4cc11c7d3ca61f73,0.1982481157058464
ck_2df4854186ec515b,0.519291097983296
ck_aa9b28e7fc43af79,0.9298024037482175
ck_47cad6c3def4c9e4,0.09773884701568547
ck_fbff7b5da8111567,0.2999388877571807
ck_bd25ea782e375b22,0.6696272153188022
ck_7989376f8cf64a9d,0.29871664290079447
ck_675c0ca1ebb1051c,0.10926869016092891
ck_1436f6e11d4008f9,0.4814015074353229
ck_812cb3a4482cc618,0.3547769403137095
ck_6e606f73a1094afd,0.4323487471990222
ck_1b708e2a4a0584dd,0.5698512935424731
ck_a60d6b324bae0330,0.5982481157058464
ck_706a4f673a9fda3b,0.9468730902424118
ck_a75ece9a9044eed0,0.13253208392748012
ck_9aa45c4e03c8c57a,0.6226930128335709
ck_9fe9bdce982b312c,0.8108779792218375
ck_c6fbdc5ba68a8466,0.5643104501935221
ck_ed0cc1b1c28f9511,0.7432470971684662
ck_a4e2607b4c8021e8,0.09794255449174985
ck_e02f93f51cc8caf3,0.12670605011203911
ck_7084ed3cf20781b7,0.6937461804848237
ck_cd4c63155570d6ea,0.25149724994907313
ck_d1b9e5d32d2d789f,0.1839478508861275
ck_68f56f6560a7a933,0.007618659604807496
ck_8bedacc6233c6269,0.6071297616622531
ck_ab7cb50407d6b13e,0.38101446323080057
ck_f17ed7e0fd687742,0.822041148910165
ck_b0fe4b92fc70f72c,0.07920146669382766
ck_84d62b8196da2452,0.40224078223670806
ck_9e298cae167f4693,0.10715013240985945
ck_405b20ef9ad0ba5f,0.8399674068038298
ck_813e02e1ababd177,0.42623752291709105
ck_f234ab47061ba7c0,0.020167040130372786
ck_22b587c18363899a,0.35791403544510086
ck_4e862c2f48c38aeb,0.2899164799348136
ck_b89cb90a420c9075,0.45467508657567735
ck_be2251640f27a3c9,0.8880016296598084
ck_46bec0bff167ed3f,0.5274801385210838
ck_c0032232c2868328,0.16451415766958646
ck_030cf09525dba4ba,0.25027500509268685
ck_6ecf56236789fc09,0.9846404563047464
ck_38d4ed52cbe6d123,0.6296190670197597
ck_2d923d957ffd4d53,0.22000407414952128
ck_3af1eb88728ed8c7,0.575677327357914
ck_2f8120ca80a1592c,0.5011611326135669
ck_6cabb1a133f0b151,0.39779995925850475
ck_bb6cf7e7b707731d,0.9661438174781013
ck_c8307fecafa90140,0.3639845182318191
ck_75f968be67f46d24,0.5625993073945813
ck_df6fe4ec5a233213,0.47577918109594625
ck_b53e88c0e927d896,0.015481768180892239
ck_f0093064aa28f4d0,0.6294561010389081
ck_ec9976cabc63ff92,0.2676308820533714
ck_30dac0a58c5590cb,0.8796496231411692
ck_348a525791ae6475,0.7082501527806071
ck_b898d912d1181ef9,0.3631696883275616
ck_f5b1200dc6f95760,0.7779995925850478
ck_54978a073e7a0b1a,0.4733754328783866
ck_55933936536a4071,0.47093094316561424
ck_d6ba7ffd2ae08863,0.519942961906702
ck_404e2217fd87fdd2,0.11513546547158282
ck_dfaafdaefa5716b6,0.7379914442860053
ck_556c62e92d4e7e5b,0.8316968832756162
ck_7ce44f4e06d58111,0.9031982073742106
ck_465cb8ce232c7670,0.4166632715420656
ck_237508ca4fb37268,0.811000203707476
ck_ba4a6b9aa63964ef,0.5674068038297005
ck_4802a0a7a1882c88,0.8960684457119577
ck_9478dfe4114c30f6,0.25451212059482586
ck_5138f6c575dec64c,0.5467508657567732
ck_aebb42afe430e2e9,0.2646160114076187
ck_004efa95555437e9,0.2858015889183133
ck_11af112667c98394,0.47223467101242617
ck_44e9a18a8645c9d3,0.27125687512731717
ck_2605fd571219e28d,0.022693012833570992
ck_dfc933493561d84f,0.4521491138724791
ck_67674348e68d1f25,0.20411489101650032
ck_dd97429277a2fa00,0.8853941739661846
ck_d3eab7a06eb48348,0.8046445304542675
ck_0b9fcff9667ec05a,0.44778977388470154
ck_fc4bfd6e739bddea,0.156243634141373
ck_43292f70a03ddf2b,0.6611529843145243
ck_5ff6108056a3fef5,0.3137502546343451
ck_767e0be086b5f601,0.7545732328376451
ck_b8465b1a5666155b,0.607455693623956
ck_ab2e3fc56f5b3aae,0.2980240374821756
ck_1833c81d693c1e07,0.9711957628844978
ck_0308e0602b856445,0.11749847219392953
ck_ccbdfe744acff8bb,0.6650641678549603
ck_b294aa27a0b586d7,0.3195355469545732
ck_a3747201f377626d,0.984477490323895
ck_edde1d7d1db24725,0.5855775106946425
ck_ae3b47d6e1063704,0.3814626196781422
ck_3aabf5e0f4defb41,0.08111631696883274
ck_f034adb57391f3d7,0.7067427174577308
ck_533672fb40531607,0.903075982888572
ck_2a244f1ae08ef83c,0.46013444693420247
ck_a35d81bcc54ece2f,0.7508250152780607
ck_78a61215675b38f0,0.6297005500101853
ck_e013d88ea7939616,0.5092279486657161
ck_e5018f9418e0102e,0.6584233041352617
ck_d4e024fcda401a31,0.11562436341413732
ck_f736cffbdb82db34,0.009044611937258099
ck_1507f5aa50cdf3a0,0.4404970462415971
ck_18270fee7c8fcee8,0.1582807089020167
ck_95ffa1a805a1c9d1,0.11224281931146873
ck_11132d245b94d045,0.2609085353432471
ck_7b93a622e40d8b14,0.6112039111835404
ck_3854c08d17704347,0.8049704624159706
ck_7717fcb100dc4b5f,0.5504583418211448
ck_ba54e0a1c328119b,0.9350987981258913
ck_a7afdac4ecbf2de4,0.9317172540232226
ck_ecfb771ed2352085,0.2935832145039723
ck_68be4fefc85a6b64,0.869627215318802
ck_dac7c50bd6d0148f,0.7786921980036667
ck_87cf36a03bd63c24,0.831452434304339
ck_8adb40b168b59d7c,0.5590955388062742
ck_8d2f62930777416b,0.8410266856793644
ck_9958b58da9e3c21c,0.3471175392136891
ck_9440335375701f44,0.6029333876553269
ck_e2f88e202b6f700a,0.6270930943165614
ck_4c7c50684827a2cf,0.2954165817885517
ck_8a6ea4a79b1c7a8e,0.47235689549806475
ck_186dbff4b24a3bbf,0.8903646363821551
ck_220fda3c11c59b6c,0.8277449582399674
ck_3acccc69f8b1fd14,0.6269301283357099
ck_9de191bf79afd676,0.35848441637808104
ck_6de6b1663f9457f4,0.06718272560602975
ck_062754f8b79b86e5,0.07117539213689142
ck_aa153a89a52f7eb5,0.6143817478101447
ck_34a6bd3be642f15c,0.42387451619474437
ck_9371c700d9830326,0.7299653697290691
ck_a99e0c258ad7576b,0.3008759421470768
ck_0a7ba51d626e932a,0.5185577510694642
ck_852c50bbba1ead13,0.8519454063964147
ck_43dc13b6b6d31297,0.8039926665308617
ck_7d81b59d615a6649,0.6109594622122632
ck_39a3f1da060e88bf,0.5491546139743329
ck_6fb2d142c09ed3ed,0.7595844367488287
ck_6e5752b87324b58c,0.2128743124872683
ck_9441d48a12e8a4bf,0.8746791607251986
ck_09e9c51eb538b255,0.74231004277857
ck_8d0cd981ed3a183a,0.5640252597270319
ck_57c07c45269ca8c0,0.6525972703198207
ck_ccfc9ab888ba933d,0.8267671623548584
ck_9658a6ef471053f0,0.28535343247097167
ck_dac3852758f4ea89,0.29394988796088817
ck_b1ed2278f5f14d82,0.6527194948054593
ck_333544d173524f70,0.8077001425952333
ck_fd4582e3853ef23f,0.5342432267264209
ck_614d936cef98db04,0.23731920961499284
ck_6bc351a3d57aac54,0.33880627419026277
ck_af5842fa7202ff25,0.48466082705235286
ck_81307759252571be,0.2570380932980241
ck_b4d2f02d2cd45720,0.9237726624567122
ck_1bd753a4681946c8,0.9768180892238746
ck_46d8c029d46867b2,0.3971480953350988
ck_b7da6640fa2f49cf,0.8666938276634752
ck_9ea3d5a5a91fef9f,0.8446934202485231
ck_7b922518f667f76a,0.00566306783458953
ck_2a5b31594206eb30,0.9515991036871053
ck_d9506476ad3f9e08,0.5393359136280301
ck_c8791f7ebd4d93c7,0.7287838663678957
ck_b5a3e20fd210017d,0.3700142595233245
ck_8e54386f4fe22cad,0.25214911387247907
ck_75296704f5806f56,0.5584844163780811
ck_0fbbc7a6af300368,0.13061723365247505
ck_d19bf4dc0627113d,0.07920146669382767
ck_7951bd4eb99a0175,0.07451619474434712
ck_059e4fac6b7f704e,0.20203707476064375
ck_2ce8931af02a2ce3,0.2765940110002037
ck_9e665618a4860306,0.23511916887349765
ck_6fce5a893613fd2c,0.001955591770217967
ck_9e3fbd04e3532f32,0.9135465471582807
ck_55f2ef0de3420e3e,0.6474638419229986
ck_8d87658a6f5d204c,0.9434100631493175
ck_6d6ac1f5dd882aa5,0.02212263190059075
ck_55d0c7012d7ef236,0.831452434304339
ck_7738eb085e5753d6,0.03621918924424526
ck_0e6e05c3cc8c8242,0.4201670401303727
ck_8d27ff8383d48132,0.19001833367284576
ck_9afc3bb849f3a64d,0.4129965369729069
ck_27eb86a9898cdfe3,0.2211448360154818
ck_1d40e4fc541abe93,0.8592788755347321
ck_4fd9dc00e1913587,0.9733550621307803
ck_b26cdb2b7b165d2e,0.7195355469545731
ck_a79a27767a02e31f,0.5016907720513343
ck_f0c18cb9f951a71e,0.39425544917498473
ck_50460e0189de6274,0.9707883479323692
ck_5e5280539257c986,0.24530454267671625
ck_eeb854318b3a6f0a,0.3577103279690365
ck_943f66f28dd24750,0.009207577918109593
ck_984dd7452aee372d,0.7968221633733957
ck_ecaa6de0aca5e9a0,0.760765940110002
ck_8f1cbc432e2774f8,0.6487268282745977
ck_d91d9f8445b9769a,0.9362803014870646
ck_73c18e03e3c7612e,0.15787329394988797
ck_aded05ada490da20,0.408433489509065
ck_f744e208183971f8,0.1496842534121002
ck_02d4cef6358ad3b7,0.3894072112446526
ck_08ff5bd467226a5f,0.04518231819107761
ck_f824b326d5089885,0.8814422489305358
ck_3420f2fd520890f3,0.5916072519861479
ck_1838cf8d00f5b1e1,0.2870645752699124
ck_a85182ad90b6f1e1,0.08225707883479325
ck_fecb39c82c43e76d,0.21401507435322875
ck_162513e73782929f,0.8086779384803421
ck_2c27b77c59d8f23b,0.793848034222856
ck_4221e07b17388fd3,0.8044000814829904
ck_adfb8472d5c3d669,0.7247097168466083
ck_0742fe64055d686f,0.05610103890812793
ck_5060aefcc8b6f958,0.44041556325117137
ck_643f549b4ac78a26,0.9232837645141577
ck_dba767885bd6ad69,0.38655530657975146
ck_0dda35c0c64c7073,0.9793440619270728
ck_38ea56d43afa5660,0.6739458138113668
ck_d813e15ac91f487c,0.8569158688123855
ck_4c840e5585a7b167,0.9154206559380729
ck_cb8551453a7bb929,0.5504176003259319
ck_05a00b1dd5a03359,0.27903850071297615
ck_837cc7fd48453a01,0.32360969647586063
ck_49dd816b31fba6b6,0.9454878794051742
ck_86a61d9a39768e87,0.7324913424322672
ck_cd0e76f0e7bb38cc,0.4991647993481362
ck_dbe58392635133ca,0.7126094927683845
ck_3caec7dd6f8d02c9,0.6960684457119577
ck_bfd9bfc5b6ab4a54,0.8177632919128133
ck_2103399bdb2898a6,0.6057445508250152
ck_329f7de7279e74c5,0.15966591973925442
ck_9bf0d28119fc42c8,0.5474027296801792
ck_f781539b1042dc83,0.12157262171521695
ck_9986c7d781ac6b4e,0.30319820737421066
ck_a627734880aca848,0.009126094927683846
ck_2106e509d77fdb4a,0.9535139539621105
ck_420d1a9c604293ce,0.5016907720513343
ck_fce0610c527e2b56,0.6011000203707476
ck_073da541ec3f9d3d,0.5005092686901609
ck_aa5f3ab48c17fed8,0.8940721124465268
ck_0fc1086e1c9e04b6,0.34654715828070887
ck_5c33bb46c1a5945b,0.5989407211244654
ck_500948a8d4bd8e13,0.6115298431452436
ck_19becd44f2c3d2b5,0.7936035852515787
ck_7d0fe77dd5ddb656,0.634345080464453
ck_f158d9e5f101bb35,0.4183744143410063
ck_cdd7c77823c2257f,0.8363006722346711
ck_6c7b41374f9b2e55,0.32638011815033613
ck_417090dbffb1a63c,0.5159502953758403
ck_dd0e17605f970319,0.32271338358117746
ck_3646515079e6be55,0.45031574658789986
ck_89c8b06aa8c84b2d,0.8390710939091465
ck_e4d6dedd97233c07,0.7845997148095335
ck_bc82fb1895fddde5,0.20435933998777758
ck_88a8b1d442ca3686,0.5499287023833774
ck_5791f8f76a629a4f,0.8281116316968833
ck_9cf5e88e97c8c7ea,0.567936443267468
ck_58fd684aa5a6f289,0.048074964351191685
ck_9800c21dfbd8e811,0.32181707068649423
ck_8ae64df60ab6ccda,0.5087390507231616
ck_e535fb0f0c00418d,0.7314728050519455
ck_48011996d54855ac,0.937787736809941
ck_ac79c72a8fe3fdef,0.8358117742921165
ck_b8cc2df5192bc49b,0.5299246282338561
ck_e96a5e1f08f8a867,0.5048686086779384
ck_84df6770549e43fa,0.13896924017111428
ck_e5f7b99ba6ec5767,0.5356691790588715
ck_8347455ab53ff620,0.12951721328172744
ck_a84f2cdf695a71d6,0.2651863923405989
ck_90456160115f9ef4,0.4134039519250356
ck_ebd178b3f3a9c50c,0.6143410063149318
ck_e1140be6157bacbe,0.07806070482786719
ck_744ffc11d32b96bc,0.38675901405581586
ck_e12a9f7d027e3387,0.21674475453249137
ck_cbe525da0b69f18a,0.5511916887349766
ck_aa59702537557ff1,0.7628437563658587
ck_0348cc6908f7f3af,0.021674475453249135
ck_120e995d50956bee,0.8135261764106744
ck_9fcde1ff46cbbea5,0.7080464453045427
ck_54b0b070689c50d6,0.05634548787940517
ck_966a167758fddfd4,0.7652067630882053
ck_d5194f2e92fd6427,0.569566103075983
ck_2ee84f3fa27f2cb8,0.207455693623956
ck_57d0a7eb7eae2eaf,0.729313505805663
ck_6a2c4edd82e10969,0.04237115502138929
ck_96e4d38ef670eaff,0.30653900998166633
ck_52cc2fd5095b169d,0.3164391933183948
ck_4b088920f3a844c1,0.6953962110409452
ck_8f3ccbd20d59f1f4,0.24571195762884498
ck_e5e5dc431bed6f9d,0.23976369932776534
ck_e8b5bfa6838e28d1,0.41853738032185783
ck_4bfeb78b47b7c6a1,0.8606640863719697
ck_a705c61bd679496f,0.5079649623141169
ck_731869a0c39cb2fe,0.7124465267875332
ck_259eb102342057ea,0.27924220818904055
ck_47a6005fabc33551,0.5529028315339174
ck_682262b455a9edd4,0.03597474027296802
ck_e839d104854945f0,0.1482583010796496
ck_761989aa4c47d746,0.6563862293746181
ck_44211dc210139ed3,0.5029944998981462
ck_9915ceedf63a5289,0.8272968017926259
ck_da59ab47cb6284ad,0.07724587492360971
ck_e5cdbfcca2456652,0.3078427378284783
ck_13f2560c6a1ec62f,0.5952739865553065
ck_a0543e9b3abe1001,0.9375432878386636
ck_11c7a58e09e6547b,0.6360969647586067
ck_69587a134d43a4ad,0.7201874108779792
ck_28dc0de0ae291f37,0.7278060704827867
ck_298922703c5bbe05,0.8752902831533916
ck_fa5ba9ed9ed6a343,0.6488083112650234
ck_c08e64d424e56c05,0.6873905072316153
ck_598e036a28262aeb,0.8468527194948056
ck_3f7c870510083a51,0.287512731717254
ck_364f8203a3e98d36,0.9508250152780606
ck_7333cedb61506ead,0.3686290486860868
ck_1d96d7fd65f208b2,0.3786921980036667
ck_63133a79f23e2627,0.8128335709920554
ck_901d820e0b72abae,0.04917498472193929
ck_5dd80b3c01457bd8,0.6600529639437769
ck_c0b8067c144ed6c1,0.48954980647789775
ck_cebb8aa8c8f62c60,0.3326950499083316
ck_79749eca42ff1f5f,0.5878997759217764
ck_2cc1d9b587f6da31,0.9263393766551232
ck_ccc7916b56d42195,0.2668160521491139
ck_e43e53cc7b8b8e41,0.6724791199837034
ck_4ab74a6e7450416c,0.2498268486453453
ck_6e44024e9de301c6,0.10511305764921572
ck_dd78cb6ae2866cc6,0.5562436341413729
ck_c363d3b050baf3b8,0.7895294357302912
ck_2d46291975f0dd08,0.1939702587084946
ck_76ebeb5aee42f041,0.6921776329191281
ck_8395f004cf4d4c08,0.052638011815033615
ck_de7259c3741db179,0.6653086168262375
ck_3938e92585df2b34,0.4836830311672438
ck_af69bfcf4f07d932,0.40774088409044607
ck_1723900ab9afe374,0.8993685068242006
ck_3d58628d1c853c8a,0.1885923813403952
ck_12a074db100481cf,0.8629456101038908
ck_8716cbf892c50e29,0.5501324098594418
ck_fbf7351958ad9615,0.6220818904053778
ck_a50370907e6b397c,0.8300264819718883
ck_937402a60df0821c,0.4535343247097169
ck_8ce9c5807acbef48,0.34275819922591155
ck_acf7d65eaaa4c31c,0.27247911998370344
ck_ec3eb6dd0967cac5,0.512813200244449
ck_fc832b0c90c9bdb9,0.9638622937461806
ck_8129e81cde280131,0.16076594011000206
ck_52c0ef68aa2fb8cf,0.38272560602974126
ck_06f042e9b1b662fd,0.762680790385007
ck_0bf35dcf7b38f650,0.07573843960073334
ck_615763afc2e17a7f,0.061641882257078826
ck_e72db9d4b2fc9997,0.9826441230393156
ck_13757bf0eeb353e2,0.10543898961091873
ck_abaf371ec8249c4a,0.8408637196985129
ck_9b7167da0920c37b,0.8091668364228966
ck_2e824b0b27494a17,0.7592992462823385
ck_9a0b605e9c3220c4,0.5112650234263597
ck_a5276af466b681de,0.11525768995722144
ck_9e0383e1fb6e214d,0.8800162965980851
ck_6a27c44b691dbfac,0.17787736809940924
ck_af39767cf583905b,0.3562843756365859
ck_243b1b9fdd3f9a74,0.025626400488897944
ck_c0422e638a9c6046,0.5871664290079447
ck_e0f3ea3373dfc4aa,0.6028519046649011
ck_d56ee1654378ffc7,0.7215318802200041
ck_20cd2f5666719baa,0.06958647382358933
ck_4dfa1c1e9b69fcc8,0.5885923813403953
ck_5d22e9ca1d15180b,0.8915868812385414
ck_f4a7ac178fd55f0e,0.41010389081279286
ck_fd5609bd23a1eaf8,0.23748217559584436
ck_49c3bf13dc9471ce,0.6662864127113466
ck_724085c3452d4693,0.922509676105113
ck_e5d1462846154a75,0.7511102057445509
ck_c69ef0f3e7d6acf9,0.7377469953147281
ck_a2d0417791d4132d,0.24200448156447343
ck_00a07fc2a9183c3a,0.031819107761254836
ck_781b8288e54ba8f8,0.8236300672234671
ck_d74a62ab3804a81b,0.29081279282949685
ck_abcbde211b6267f8,0.543613770625382
ck_16dbafc035574654,0.2129965369729069
ck_018f780215ecaf38,0.34043593399877775
ck_0b259620eac51618,0.20008148299042575
ck_4f875342394c110f,0.6038297005500102
ck_399e45e5fe9beaee,0.4026889386840497
ck_36224a2d394ebfe4,0.8349969443878591
ck_c189b551bd111332,0.040578529232022806
ck_125c5a720ecb177a,0.8571603177836626
ck_76d010aa02eb477a,0.08453860256671421
ck_1071d14c46c92379,0.9270319820737422
ck_61d244b2cde483af,0.45773069871664285
ck_2ff1860da2004c84,0.17005500101853738
ck_c5b583490198672d,0.22481157058464046
ck_1294f7af22fade11,0.8759421470767977
ck_e3a22799716df39d,0.2006111224281931
ck_c77e22834ef97005,0.9472397636993278
ck_73d3689728270a2b,0.07659401100020372
ck_295565fbf77ef885,0.16092890609085356
ck_80c0a7f54ff4895d,0.09064982684864534
ck_f1ef5cf7f10b16c8,0.7598696272153187
ck_a958b2461ffc21a2,0.8879608881645957
ck_0e7899a57cd617d6,0.04188225707883479
ck_9d4fed252718f58a,0.4744347117539213
ck_83c2c34add971d76,0.12898757384396006
ck_9ccc030ba2de9fb2,0.5344876756976982
ck_cd691e3466fb3742,0.3659401100020371
ck_49df70f908dfd069,0.8079038500712977
ck_362ce13eec1e33a0,0.05394173966184559
ck_2452a30397dfc54c,0.40827052352821347
ck_a443d49c2b4863b0,0.5034833978407007
ck_c8b2e2cb349dd0ff,0.5731513546547158
ck_354909fecf5da8cf,0.3036871053167651
ck_841f598bbd54c83f,0.7520880016296598
ck_cd6fbd4e8724f994,0.5925035648808311
ck_e0b3158111370118,0.31102057445508247
ck_4c2f2eb657c2c60e,0.14605826033815444
ck_ef346071f0b7654b,0.5141984110816867
ck_f3bc10e3decefce4,0.05553065797514769
ck_189b6fbe9b9192e7,0.4924831941332247
ck_5245cbc5ff4d4fa6,0.44689346099001825
ck_cb42e3be6fe87f60,0.45520472601344475
ck_966d4d713cbc7792,0.11289468323487473
ck_1c8c969667cbaab2,0.9586066408637196
ck_d35e3aa9ef5d405e,0.8912202077816256
ck_a1c39df50a5873b3,0.655082501527806
ck_a152165caf295b51,0.5433285801588917
ck_891eaedae139828e,0.3410877979221837
ck_1a46b56f4734d52e,0.27158280708902016
ck_5e36042cfad96c99,0.9256467712365044
ck_02a8582c2603e675,0.43727846811978
ck_6def9d0429e4ed4b,0.6982684864534529
ck_e137400825a1e3e6,0.5812181707068649
ck_d91ab840848a54fc,0.15819922591159097
ck_becb6e1c608e0078,0.1238948869423508
ck_6fd8c86ac719d7eb,0.8768792014666937
ck_3ed4d13f12fd9d0e,0.7570992055408434
ck_007337aa99a4891e,0.024078223670808717
ck_60c3d8306527a08d,0.13856182521898552
ck_95458880a54df0b1,0.9021389284986758
ck_b48cd8593533fc1d,0.9619067019759626
ck_021c6a4a7e3f1f0e,0.05891220207781626
ck_764d40f865e710af,0.5091057241800774
ck_4b84357ae8ec7777,0.41022611529843145
ck_3397c7856b4669a5,0.07732735791403544
ck_920bb003b42e6310,0.1195762884497861
ck_8f59f11b512d5b7c,0.845345284171929
ck_a3acf4b986afa98b,0.9045834182114485
ck_e89d25ed7bdeeaea,0.4618455897331432
ck_70e6bca473bf6902,0.14866571603177836
ck_186161ce152836f5,0.55591770217967
ck_9191579254663f5d,0.09570177225504176
ck_1e6628879e9d653c,0.32825422693012835
ck_b498fa91a0776ff6,0.37624770829089427
ck_cfc2384f22954830,0.8170299449989814
ck_17673a1c2867888a,0.11835404359339989
ck_523dce06515b072d,0.5621511509472398
ck_c20638a325ead2e4,0.1988592381340395
ck_d3877e1f907cc148,0.796781421878183
ck_e9a2495dea8675e2,0.4231819107761255
ck_7e561caa5fa1f3f1,0.6190670197596252
ck_455672e652fe1abc,0.9643919331839477
ck_7f8f864fcc90ca82,0.7304542676716236
ck_1ad36046aaeb816c,0.2800977795885109
ck_de056e37c82e8e00,0.6523935628437564
ck_7484c214c889fe7f,0.7081686697901812
ck_32430e678c4f9f53,0.20065186392340598
ck_6276ece8f80ea799,0.6017518842941536
ck_ae8e5dc4b725bc25,0.6772458749236098
ck_f01be92dc78a2dc7,0.3331024648604604
ck_233397a8bd40d38d,0.13554695457323285
ck_f8124911450fdf31,0.9635771032796903
ck_aa0a3179f1111674,0.27643104501935223
ck_2366b29ed9887a5e,0.04783051537991444
ck_1f22f04dfc08cf27,0.3087390507231615
ck_b62276c3426d680c,0.4882460786310857
ck_d099fca88691f66f,0.6831126502342636
ck_166bd1dcbaf4d6fa,0.05675290283153391
ck_7b1660e942436e12,0.5411692809126094
ck_4a9a791a1d409a3d,0.8250152780607047
ck_b003e5b54df65db4,0.6777347728661642
ck_64b4dcbf436f0b75,0.3720920757791811
ck_26e9a7bb2061a58e,0.5891627622733754
ck_08b77ad5f8f73007,0.5872479119983703
ck_366616a725afc6bd,0.3889997962925239
ck_934fb5064b6eefe2,0.05797514768792015
ck_c6abd5d57b1009d2,0.04962314116928092
ck_edcfa9e1cf29d813,0.7391322061519657
ck_c30201ebd003fdc7,0.38871460582603384
ck_c54643d94d3ce355,0.6488490527602363
ck_02adda6e91e49650,0.7287023833774701
ck_5b73d7c5255e58a3,0.9240578529232023
ck_129ffae92dc01408,0.11619474434711755
ck_fa321945ebedb916,0.6433489509064982
ck_8da980cb2e1e2bfb,0.5349358321450397
ck_0576b00d728bdf19,0.67484212670605
ck_c543d82e22b3c8a5,0.27736809940924834
ck_0027ba644f9ae2cd,0.904664901201874
ck_8dbf61df902a6bbc,0.26706050112039115
ck_90eeca1cda79fd41,0.04721939295172133
ck_86d7127391d4e01f,0.14467304950091667
ck_73762038c7ff2f6f,0.08490527602363007
ck_a1484e6215fac651,0.9557954776940314
ck_cb83b9f806e90dc6,0.9045019352210225
ck_8c6f059c95872126,0.07704216744754533
ck_3174419a81e7caf2,0.03683031167243838
ck_6a0f8f8fa4a3c2bc,0.4610715013240986
ck_b5777605668bfca1,0.16072519861478915
ck_27e4de495abb4d15,0.28254226930128334
ck_7f6fa79c7a107161,0.31900590751680585
ck_c36ed9f8e6792ea4,0.5872886534935832
ck_67a1aa88d2ea554a,0.6377673660623344
ck_09748dfe4df3d540,0.17343654512120593
ck_27fd85b1e38b675a,0.150091668364229
ck_2369689bd795ee10,0.29509064982684863
ck_4eb1c12f7d092bac,0.3876553269504991
ck_01fbafc42c8e33f5,0.35506213078019966
ck_93c4e05699b3b7d0,0.3519250356488083
ck_afc484d1b6907983,0.5046649012018742
ck_1b2d9cae92a1aab1,0.8802607455693625
ck_73b729cb161487f2,0.19910368710531676
ck_fe3c1d0ac090d960,0.9139947036056224
ck_408efac1d3885ff8,0.7050723161540029
ck_ccb4dd9d0a48a76e,0.3213689142391526
ck_2987eab34ca7805d,0.6257893664697495
ck_1dbf1f15193197db,0.8163780810755755
ck_4ed711fe4053e74d,0.9522102261152984
ck_6c54adce174f45f4,0.3441026685679364
ck_a6c740041faf0bd5,0.2798125891220208
ck_b05c4d33c4f43639,0.5125687512731718
ck_032880f1114dd51c,0.5619474434711754
ck_22311b037456a76e,0.055245467508657574
ck_5866b413549765bf,0.19189244245263803
ck_0e808afe2570ecac,0.500509268690161
ck_634276b05f4381f8,0.19792218374414342
ck_5d8773badd0d4740,0.4823793033204319
ck_82b5b79ce3517102,0.9722550417600326
ck_b378b8d8100ee4b1,0.5129761662253005
ck_54e581f71be5430d,0.17388470156854757
ck_798ba4b8aa544fea,0.024159706661234466
ck_3fe86b6331ff95e3,0.8454267671623548
ck_81275d9d4c559e6f,0.17995518435526586
ck_99a4e5ef02d89493,0.8074149521287431
ck_54e2eb018d947790,0.3962517824404156
ck_966901ea9c77cc02,0.24693420248523118
ck_27d69ff4e0cb428c,0.7729476471786515
ck_2cee2dd7bbfc09a0,0.9706253819515176
ck_4136b00924695ab4,0.0016296598085149727
ck_59a164c40c03a45f,0.06449378692198003
ck_3e24b026bc66789b,0.005459360358525157
ck_8105bcf69a75ee47,0.20289264616011407
ck_7a1782cefe26a456,0.7480138521083723
ck_970c7dc195161272,0.10645752699124059
ck_a48ec0c00ae20e82,0.7673660623344877
ck_54b374ade34e1dc1,0.2247300875942147
ck_74e5dec189761d14,0.12650234263597473
ck_4717f24f2c6f40e1,0.8264412303931554
ck_fc8cd8a8209e802d,0.5372173558769606
ck_71db4131d7efe218,0.19767773477286615
ck_45424ea6f0bc4650,0.9315135465471582
ck_3716c6181a5035bc,0.6484823793033204
ck_26de14b96bdad4f6,0.2540232226522713
ck_99c0a41ac9c73857,0.29020167040130374
ck_645f15bbbcff3b4f,0.9882664493786922
ck_b7e25ddd41514d4c,0.20977795885108982
ck_d5c14e877ca7b755,0.1576695864738236
ck_05ea4440dac6cfad,0.5218170706864942
ck_c58bafff7b1955cc,0.48034222855978814
ck_f0cf85b67a9b840f,0.6434915461397434
ck_ce1500a7f0d03fba,0.0401303727846812
ck_d4972a775aadbbc8,0.4030148706457527
ck_3eb6146c262e0fc3,0.08421267060501121
ck_afb23858a4ef42ed,0.9874923609696475
ck_2c1def5c91c52a5b,0.8976573640252596
ck_72e550559487b919,0.17038093298024037
ck_0284dc2b4f856b3a,0.9031574658789978
ck_03be334935e999a2,0.4728457934406193
ck_e35a4b4a3cb4cedf,0.7302098187003463
ck_5abe57dfff4b735c,0.24734161743735994
ck_f5f87f772388efa0,0.6818089223874517
ck_5a22cb36d612236e,0.11904664901201874
ck_8ff1e6028e764472,0.9651252800977795
ck_2ab28149b0986642,0.7826441230393155
ck_c88fc1bac79fa6d3,0.8519454063964149
ck_5b137d74bba6b1b4,0.02228559788144225
ck_11f362dca2dfaf5a,0.5683845997148096
ck_7f960541e5174565,0.3454063964147484
ck_d5458ba39ae94498,0.7325728254226931
ck_0a921a73a90c2e39,0.5929517213281728
ck_6ad56ef40086dbe4,0.48983499694438787
ck_b68199ecccf2350c,0.07887553473212468
ck_6dac66c8198c07d8,0.5489101650030556
ck_9b9ce7bebc235fe8,0.29203503768588307
ck_6b817117d87063a8,0.4549602770421675
ck_900d62b3184378c7,0.12043185984925649
ck_eafe9b89857149b5,0.28352006518639233
ck_e74716a525ee5b24,0.05687512731717255
ck_4e9a6f06ab134102,0.4432267264208597
ck_b0d33b5a3716661d,0.37474027296801793
ck_8703543bf3134306,0.4299857404766755
ck_923d6a0f83accef1,0.39221837441434104
ck_52e37e2170532e2a,0.9153391729476471
ck_c1c5ea839c58958a,0.737461804848238
ck_660f0006780e87e7,0.5355876960684458
ck_830b2c5d1818ac07,0.8513750254634346
ck_b080ff636932d1f1,0.027215318802200038
ck_38730aace405f2ae,0.9918517009574253
ck_9790138467a06223,0.16728457934406193
ck_10de0b0d86b17839,0.17241800774088406
ck_c3e37a4d3382c32e,0.09875738439600734
ck_dd8edfefa1eba531,0.06518639234059889
ck_8153cdadd300d234,0.02925239356284376
ck_74d0e7c2c6b63d36,0.9634548787940517
ck_c478aae3031bb328,0.27117539213689146
ck_cf301f2194975866,0.42684864534528416
ck_f4de03f44e3a5bd5,0.2910979832959869
ck_b06ce826e593b210,0.8241189651660216
ck_2fc70b6baf6a0e26,0.11664290079445916
ck_d208494cf5c90047,0.8248523120798532
ck_086d29ccae565e5d,0.20272968017926257
ck_d5ef6dc116dee408,0.4804644530454268
ck_fdf0c5b722d83464,0.10238337746995314
ck_de8494b13adeffb5,0.1399062945610104
ck_556786868599143b,0.5170095742513751
ck_4940e78cbdcfecf3,0.4158484416378081
ck_d32fbbfe32c00416,0.5332654308413118
ck_bc7710f7e9fae649,0.04994907313098391
ck_416f7ac57da081a3,0.31497249949073136
ck_6fb39b60c67d5475,0.11513546547158279
ck_e40a156511345d6a,0.02473008759421471
ck_49ab879b5aa7fccd,0.8722346710124261
ck_bb643194d1cbc47c,0.9854552862090038
ck_b3ce8f1bcedfa043,0.3835404359339988
ck_558ebde8c29132a4,0.46343450804644526
ck_e6222925762273b8,0.8247300875942146
ck_bd80546b4807dd59,0.7214503972295784
ck_bd21164bd2bbb635,0.6915461397433286
ck_ea835557d7043667,0.10910572418007743
ck_1411a80a157ff39c,0.37710327969036467
ck_ab973888c20c9120,0.8288042371155022
ck_95b48972061abe82,0.24587492360969648
ck_fc4a43f8876bf10f,0.8622937461804849
ck_f34fb7ccf82f41e5,0.15709920554084333
ck_5af9934a56801ac0,0.3139947036056223
ck_fc7445ec76389a58,0.9430433896924016
ck_1eeacc26f02fbba4,0.6816052149113873
ck_4f325dd15c9bd45c,0.7485027500509268
ck_5009a6c8bbaf15ba,0.916683642289672
ck_0f3de7f074bb33af,0.2280301487064575
ck_2cbc2f93a32eede8,0.7766143817478102
ck_4bb90a61c21a303b,0.28453860256671415
ck_3ade9eac7d7b0dbf,0.8750865756773274
ck_4859a58629622915,0.8721124465267875
ck_5fed957287ebca03,0.0656752902831534
ck_ec01ae5351500355,0.06054186188633122
ck_703b41624ae6a5b6,0.14695457323283764
ck_97c38e7f61c27e47,0.5585251578732939
ck_db2c0908150cb2cc,0.7985740476675495
ck_64ac5e6fed86ab60,0.9726217152169486
ck_da1c853b0a061e83,0.5113872479119983
ck_9a36916b60178ded,0.9698105520472602
ck_3715bfa7fed2c675,0.16361784477490324
ck_dd3feb77d7d4f6d3,0.3790588714605826
ck_982ebb24174a4ade,0.23605622326339376
ck_f6b7a10d47dd9a1f,0.36809940924831935
ck_1f56fe99f250cdf4,0.590303524139336
ck_deb3ac0606d6f6db,0.5016092890609085
ck_e666629e5a41b39b,0.18056630678345895
ck_756d2c13d02b3e09,0.6163780810755755
ck_7bc752ae7cf5d55f,0.5129354247300875
ck_fc0cc4b25e6a8194,0.19951110205744552
ck_9b2b0e286de78a1b,0.3986555306579752
ck_24b0803447211bf3,0.4673049500916684
ck_82eed68d05a42128,0.832389488694235
ck_c8a03c516ed5b05c,0.8017518842941536
ck_e914974cee1bccb1,0.4828682012629864
ck_0c533ff2d0f9962a,0.6600529639437768
ck_c12805fa5d970a83,0.7255245467508658
ck_fc2cb29918631f10,0.915705846404563
ck_c20e89afe575549b,0.19584436748828682
ck_e1ff9e31becc27ae,0.6691790588714606
ck_18116d0ac08f1996,0.9818292931350581
ck_885a83975cea5e64,0.16614381747810145
ck_a0c3059a959ba5d1,0.6932980240374821
ck_75257ca7d7da2861,0.7564880831126504
ck_2210f7a0d13bdbef,0.7953147280505194
ck_9cbd9ecf8374f65f,0.23951925035648808
ck_18f67c00ba21fbde,0.33029130169077203
ck_2d28f14d3973d8fb,0.05113057649215726
ck_8b3401b44aaae728,0.10605011203911183
ck_9d8e9ef37797d3af,0.94231004277857
ck_9f50920c894f64e1,0.27614585455286206
ck_4737e0d56c6fa0a1,0.6325117131798736
ck_52c311f29ca3aca9,0.010552047260134447
ck_6a4981bc721df37a,0.6151150947239763
ck_823539d936c55fc6,0.044082297820330005
ck_df5aedb4118020bf,0.9667141984110816
ck_a911a066ff0f7b56,0.6168873497657363
ck_684609767df4a14b,0.8002444489712772
ck_f2350bf355dc919e,0.3672030963536362
ck_8452b6cf97c65a5e,0.3408026074556936
ck_084cd84501012218,0.9600733346913831
ck_ace6b72e5bf3e93b,0.8380118150336117
ck_2afdd69094c955c5,0.8167447545324913
ck_fa7d5be26bf7b31c,0.9165614178040334
ck_4b041217690fca2f,0.6449378692198005
ck_9fb8e3d38cdf276d,0.9602363006722345
ck_c1ee56d65a42f59f,0.6704420452230597
ck_fdeaa1cd085691f0,0.818781829293135
ck_5de33a7a87e9aa62,0.6906498268486454
ck_7476e7fe1ff45545,0.7661438174781015
ck_b0a947b498e47018,0.5799144428600529
ck_e3894ed88a7977e4,0.11142798940721126
ck_c7e07ebfb0bc15f6,0.5926257893664697
ck_3a3daa8b376f2a18,0.12299857404766754
ck_87809324c2675b0a,0.41034833978407004
ck_7eb4f33260f1dcd4,0.5631696883275616
ck_ab9f0e08af030060,0.6374006926054185
ck_5b8fc4a76f340797,0.8517009574251377
ck_0e7bf10ef49aa818,0.8840497046241597
ck_a44462a3853ac67e,0.997107353839886
ck_2d14bcd2e0fc043d,0.15102872275412507
ck_df1f2dba802296be,0.9652882460786312
ck_466a7316eaf149b1,0.716357710327969
ck_50df50af592b0c06,0.3760440008148299
ck_5f9e34c849704b95,0.6215115094723976
ck_7836bf6def26aa87,0.923854145447138
ck_ba175b1bd8efaabf,0.5317987370136483
ck_1a0aac7f7b94b1be,0.8376451415766958
ck_6768c4b2aa8ce586,0.3428396822163374
ck_eefcf0ed15897898,0.3441026685679365
ck_7a6cb27e390b6ceb,0.39482583010796496
ck_5275be4e1577c1c7,0.22521898553676917
ck_6bc0e5b8c0b7d2bd,0.6508453860256672
ck_4874bdec79f9106c,0.5137502546343451
ck_a678731156ad7bd2,0.9158688123854146
ck_db906debc36a5d1e,0.7078427378284783
ck_e87897767c612942,0.601629659808515
ck_45ed5ee496ef8a67,0.22383377469953145
ck_ae20e28f9854f3ee,0.6621715216948463
ck_9ee044b73943a90b,0.41364840089631294
ck_dab34cf6f0626c9b,0.3178651456508454
ck_64a02b7b96149810,0.06229374618048482
ck_c417d06f3e94685d,0.7599103687105317
ck_3e0149cdee4cb294,0.5534732124668975
ck_0e6046fc30f81705,0.6393970258708495
ck_c383aeabd53e9c89,0.5918109594622123
ck_2ef76f1f36e8b869,0.8395192503564882
ck_43948784650bb9ac,0.432104298227745
ck_bdb966f43ac350ee,0.6147484212670605
ck_5bea0e0ee0b094cd,0.3678549602770422
ck_dff090f03ca5529e,0.1281320024444897
ck_a4691b57f837d88e,0.4663271542065594
ck_99ee90946395d74d,0.9443878590344266
ck_cc81dbc83a8879fd,0.3161132613566918
ck_f3dc0725621b3a35,0.07810144632308005
ck_1bb212d1288b9689,0.5938887757180689
ck_9e7278fc7679f002,0.6532491342432267
ck_3ded7a8720d7e311,0.5114279894072113
ck_798157bcdb9453e1,0.17502546343450803
ck_9fba80f56f357fe1,0.27247911998370344
ck_f1e1c8491f16f912,0.15693623955999186
ck_7b1319a5ca2f63c6,0.9834996944387859
ck_124432fd5c92af7e,0.9610103890812793
ck_148cb0c723284dc0,0.41670401303727844
ck_b56c62c950eda009,0.10796496231411692
ck_a0498755cd8d7188,0.03495620289264616
ck_5379452a9d74efae,0.17600325931961705
ck_6c2453229d608183,0.5361988184966389
ck_f9d8b4813a88c1e6,0.3755143613770625
ck_c2c7d1e45a521857,0.7833774699531472
ck_4364a83a11743888,0.2595640660012222
ck_2cdf5fd97ba75e06,0.866164188225708
ck_71bc01291e0533a0,0.4901609289060909
ck_a725d7aed2a0bdc2,0.020004074149521288
ck_a9b0c4dbd7db6a91,0.5212466897535141
ck_a4258806a533efa9,0.5093094316561417
ck_905e460591d9a278,0.8310857608474229
ck_20de8abfd8960ee3,0.44705642697086984
ck_252b0a0f1119b220,0.11326135669179058
ck_95e4bef65c36af1a,0.22179669993888776
ck_5ab68b434ad53fea,0.15995111020574454
ck_13677a1957078827,0.14141372988388673
ck_d251e9fa09e542dd,0.9957221430026483
ck_700cb620f300dd47,0.2505194540639642
ck_39a68c55a1bd3ace,0.8818496638826645
ck_61a59a7944d6c53e,0.8978610715013241
ck_db6d1c6d31da967a,0.45027500509268686
ck_650020c500b1b50d,0.36451415766958645
ck_d812eb6930192793,0.055815848441637804
ck_92f6ebc11ebca89b,0.8761865960480749
ck_d87e26eb5bc84b01,0.03157465878997759
ck_66439e697695224c,0.07109390914646567
ck_f21efd504faa654c,0.11305764921572621
ck_15eed0f5652f0352,0.2699124057852923
ck_bcdbf57d98dc0d27,0.668364228967203
ck_873ceb8004d3a9f7,0.8130780199633326
ck_70bef9ddd4bab005,0.038500712976166224
ck_7560f1891d66f294,0.17608474231004279
ck_f439f16f8693883f,0.5537584029333876
ck_14f9535e53f9c7a6,0.3685068242004481
ck_5984be472d2bc267,0.9150132409859442
ck_ed01be7504dc4187,0.7435322876349562
ck_dc3d8b5c17b67ae9,0.17535139539621103
ck_9dc23031b6b494af,0.602566714198411
ck_fbdac0221bc03f66,0.3821144836015482
ck_863708a99b92ef0d,0.6616418822570788
ck_22b52654776a1ea8,0.9529435730291302
ck_a0714f98001efa0c,0.5243430433896923
ck_9c56114f84e9a541,0.5347728661641883
ck_e155cf506b2fb699,0.5088205337135874
ck_65ed7e72f24731e7,0.12805051945406398
ck_822d6e8e43befc72,0.9314320635567326
ck_b1182471d9ac6b26,0.0428193114687309
ck_821446adc95e6da5,0.40484823793033203
ck_ff182f033134dbb8,0.6409859441841516
ck_9c5feef7647b0588,0.4441230393155429
ck_df935d8bdd44883e,0.4819718883683032
ck_01eb24c18ad11fca,0.8763903035241395
ck_00d6730134a1eb51,0.40330006111224276
ck_79ba8e85678d0224,0.5320431859849256
ck_97e3b04a1350f6e4,0.45826033815441025
ck_74e9747954a46eaa,0.6507231615400284
ck_397d5fcc9972f909,0.6137298838867387
ck_9ede89e8a43c3f53,0.8845386025667142
ck_303b33910d67f306,0.053738032185781215
ck_3c17841636f6f7dc,0.2548380525565288
ck_78730527f8ba1438,0.9048686086779385
ck_5ee32bc6bb5d1d4c,0.889142391525769
ck_a13fee8cd925d0dc,0.46750865756773263
ck_6f847263379f2e43,0.7534324709716846
ck_9b9d9e579e7b55b2,0.859319617029945
ck_87c1d0a79e79c84b,0.6500305561214097
ck_bfc453eabb472f91,0.7500509268690161
ck_978c21bb5fe3171e,0.4766754939906295
ck_dd882323474431d4,0.6736606233448768
ck_533c4f7400d5ab22,0.9108168669790182
ck_5f217bfe28954e75,0.9795477694031371
ck_ae96d35465b3b4bd,0.35595844367488294
ck_512ebe97c0af94dd,0.8248115705846406
ck_f558fe02bb0219b8,0.2341413729883887
ck_84092e23d5ef4d51,0.7125280097779589
ck_17d3022ca12eacd7,0.42037074760643717
ck_8a8f81bf3558fd9c,0.14691383173762476
ck_0ada6fed1864e7c4,0.49174984721939297
ck_21fe7bc59dcd78fb,0.023181910776125483
ck_e136e20c1c74fe38,0.42864127113465067
ck_e7a530e09d113dd7,0.8135261764106743
ck_7cb0c9ded4d63027,0.6767977184762681
ck_102db9615e722c9e,0.7367284579344061
ck_129e39ddfde92eeb,0.014218781829293134
ck_d730ff21bfd7769d,0.6297005500101853
ck_54459b45d2be8459,0.2635567325320839
ck_7f1c20319eb60aa6,0.9937258097372175
ck_939fede90473e412,0.30556121409655734
ck_e0f9506a6d5f4a1a,0.15094723976369934
ck_9a4967cdf49265cd,0.8836830311672438
ck_b9eaf03453ac7d5f,0.17135872886534936
ck_522477be6376b450,0.492075779181096
ck_9b6282e3bad50710,0.2902424118965166
ck_a0e3a2facd508e49,0.702750050926869
ck_97ffae702f7c3d08,0.1500509268690161
ck_344a95cb7115ec67,0.23308209411285397
ck_1f2760764afa45e8,0.4198411081686698
ck_720cd658d11ea428,0.695294357302913
ck_04e32ee9834c088d,0.5637808107557547
ck_2bb1389e5e72c8f4,0.6177225504176003
ck_961e7dbc217cfbbc,0.3393359136280302
ck_f3bce4eccfa6d6bb,0.21845589733143206
ck_e0ccfa0d689339be,0.16357710327969036
ck_98217aeafa0bfefd,0.6163577103279689
ck_a02aeec1914c158a,0.3408433489509065
ck_20a17e8f206a14c8,0.8281523731920961
ck_114c32aad4b6183f,0.7340395192503564
ck_79f5198f0decef20,0.31953554695457326
ck_2209de229b4c71c5,0.6488083112650234
ck_6ee939b7f396975f,0.3370543898961092
ck_202f0c14b07ace01,0.5992259115909555
ck_fa24db9d416ab904,0.30812792829496843
ck_cf6aa24b92c4d33c,0.9260134446934203
ck_45f57fb8194cefc8,0.44025259727031985
ck_d5eb179dc45394c6,0.40281116316968835
ck_efb24be983342f75,0.43283764514157674
ck_245f5d62ead5ef28,0.6027296801792625
ck_15fe2a47fa7e92ea,0.07973110613159504
ck_b6527a85fd682554,0.6543084131187614
ck_11f9390a11ce9ff5,0.7243837848849053
ck_ffb4d892c5158201,0.04836015481768181
ck_d4c1da5a1427fd6a,0.8510898349969442
ck_2c041b1efb1c5063,0.3130169077205133
ck_ecc18f40b33be769,0.8785903442656344
ck_0525349f3945375b,0.8052963943776736
ck_0bfe62e0c7eab9c9,0.5580362599307395
ck_b7c37d410b1646c2,0.7337543287838664
ck_4b15b0746318cf42,0.8798125891220208
ck_e5ee006ecd8ff661,0.7237319209614993
ck_ccc83cf66365357b,0.6341006314931759
ck_34a33ffe8339f66d,0.9648400896312894
ck_4e39e3b165edab58,0.9723365247504583
ck_1a71f8081ae00190,0.9898553676919942
ck_ed8f1200fc049c40,0.9709513139132208
ck_8a5a57858e8c77f3,0.7514768792014668
ck_fff9fdc2adf5100b,0.950091668364229
ck_c76f1bf40f3b787b,0.0118965166021593
ck_1a6ddfeef82b1b1a,0.14618048482379303
ck_478d2667aa9896d9,0.8095742513750255
ck_641c8e7694b21f3b,0.723161540028519
ck_293581d879f6663b,0.9598288857201058
ck_1bfa8abdb22be8f0,0.8968425341210023
ck_05ab5b03d0bf9ce4,0.9361580770014258
ck_35694db37f0cde7a,0.001955591770217967
ck_fe33eb743d714c03,0.4485231207985333
ck_abd10fbcbaf2b038,0.3656549195355469
ck_46d51648c1bf80e5,0.8886534935832145
ck_5c8390017fabfaef,0.4800162965980852
ck_87d55ca333f22072,0.13090242411896516
ck_c39c6a1453e2b92c,0.011244652678753311
ck_69ff1b0aa143a168,0.03499694438785904
ck_e57c79eaab35ded7,0.1673253208392748
ck_463ae759e2b6ad1d,0.4884090446119373
ck_0dae4a7eb587f3ba,0.46066408637196987
ck_9b12fb56529ebc4e,0.47537176614381743
ck_1af547077ba2dd03,0.9181095946221227
ck_de13de941bebc7cf,0.1823996740680383
ck_83dde7da2bf647ac,0.019474434711753925
ck_c80a94d4660041fe,0.8219596659197392
ck_f39cfeb277ef6528,0.03960073334691383
ck_1cec1ed1512a2d3d,0.04151558362191892
ck_7955a359b6448799,0.06327154206559381
ck_8c0955dad13c3ca1,0.13236911794662864
ck_6d4cd2de601a2308,0.3354654715828071
ck_f4536ba8dd2d551d,0.6167447545324913
ck_b379c198d6db2d62,0.5560399266653085
ck_76ea90ebc74bcdc7,0.6053778773680994
ck_734f06bd4aa92781,0.5017315135465472
ck_677e1d0c14cbf569,0.1835404359339988
ck_259271c70f3fbcbe,0.7520472601344469
ck_c0b744eb9e7d4eb7,0.4534121002240782
ck_3d41faeb96802f68,0.26473823589325723
ck_8f604fa70fc3c8e3,0.2604196374006926
ck_0b3c3bea0e0ed339,0.5230800570380933
ck_be5df076b8a86409,0.06653086168262375
ck_6a475fe324d7d790,0.6109594622122632
ck_3ba3fa5387bacee8,0.0025667141984110817
ck_324b9939d9c1c31e,0.02627826441230393
ck_a7fcf7b592f68ca1,0.5624770829089428
ck_5b2728f7cca414ae,0.04098594418415156
ck_5f4a25ffd0b85a47,0.5774699531472804
ck_63d4f5076fe4406e,0.11489101650030557
ck_af528d66c86f0cb8,0.11774292116520675
ck_ac7cdb9b8da7b5dd,0.4747606437156244
ck_3bece63711407e25,0.6241189651660216
ck_d4e0b2a12fcfc35e,0.12198003666734569
ck_ee3e7c9d3a9c74b4,0.8079853330617233
ck_50d7c4dab837bf66,0.4544306376044
ck_ebcb93a2990fc914,0.8616418822570789
ck_2329cc9702cdf7a0,0.7271134650641679
ck_db1fa53d588bf99e,0.3223874516194744
ck_44e57a0bad5a0745,0.5890405377877369
ck_472c81a144f4631b,0.16675493990629456
ck_1658429acd5306ba,0.45410470564269706
ck_466103ec5bd9444b,0.5014463230800571
ck_9757163e25262b74,0.6688938684049704
ck_34ed59bc2c9b0186,0.2602566714198411
ck_b7bd3a7f263f4f29,0.7903442656345488
ck_149662b09d632e41,0.3504990833163577
ck_a9ffd6b3957bd41e,0.12377266245671219
ck_ab80466ef615e85c,0.16149928702383376
ck_f2c824d3473db24c,0.3553065797514769
ck_a4a01fd45936b078,0.6184151558362191
ck_8f6ce158c2902877,0.07651252800977795
ck_5189a302cfa7cefd,0.06754939906294562
ck_430a3d03be588201,0.7732328376451416
ck_b5f9dd00914b4db4,0.44216744754532494
ck_52dec82e9cf6135a,0.32470971684660827
ck_95e444a01e2ab4a5,0.768873497657364
ck_e37cee7b123692af,0.4686494194336932
ck_d68d42858a55adff,0.7555510287227541
ck_3abfc010091d679d,0.7321654104705643
ck_cee4e4e1b62bf82f,0.7535139539621104
ck_9ccb17c35e636c5e,0.25475656956610304
ck_f72a5a3b0d6c1177,0.017600325931961706
ck_7508aa554fae6afb,0.8374821755958444
ck_003aa842b7ca1d77,0.9359951110205745
ck_83b2b192f41ee2bc,0.8717865145650846
ck_64796b6b2c3c7f06,0.6436748828682013
ck_6438ae81d43cb196,0.7210837237726624
ck_2bd73d9098504760,0.8462415970666124
ck_aa8b9b36a099e4c8,0.45125280097779596
ck_e5ece47d0dd10526,0.27781625585659
ck_16077ac345472e6a,0.2345080464453045
ck_a4d6e152b0076964,0.31615400285190465
ck_d90b1d03ae151f62,0.7000611122428193
ck_18b36d342b530af4,0.4343858219596659
ck_2a01e610348b84f8,0.6481564473416175
ck_0a93ed76bf36c8b6,0.552006518639234
ck_3d56b477fe2370b6,0.7612548380525566
ck_17ab3068fa303682,0.15221022611529844
ck_592a3520d841d11b,0.31289468323487474
ck_84d07028b5fca2f6,0.7350173151354655
ck_f4a2bb10afa85743,0.09981666327154207
ck_4fe4b072f03f2c1e,0.08926461601140762
ck_9ad08fcc183ea1e7,0.3245874923609696
ck_130d3848b9dcdb05,0.22982277449582397
ck_bb399ed6bf28c230,0.8167854960277042
ck_a31a64a39a2c4941,0.23638215522509679
ck_c49f25dfb39909cf,0.78313302098187
ck_55f50a9ae2db8ff7,0.12120594825830108
ck_09faa4e771cf876b,0.42970055001018537
ck_df520a7a6e405889,0.4866571603177837
ck_8c8c98cc694ac900,0.5913628030148705
ck_7f0c4f609673ef62,0.5416174373599512
ck_f51fe59cd445d2cb,0.463190059075168
ck_b3fb83f0d772a831,0.503116724383785
ck_d6e7e257751c299b,0.10226115298431453
ck_0d362ddb4a1cb6d4,0.2438785903442656
ck_a574a08edaf81781,0.20835200651863922
ck_a823f5bcb0e4b9df,0.009492768384599715
ck_f792586ad0381eac,0.6993277653289874
ck_54bfd70022c66983,0.12556528824607865
ck_fe0a9372c9372de9,0.28001629659808513
ck_5691cd6fdb6d8147,0.6189447952739865
ck_a95f212a02433d23,0.16121409655734367
ck_f5adad75e1c06731,0.7265430841311876
ck_e09c97520eb0533c,0.9080464453045426
ck_a1e13c0d58560340,0.046119372580973726
ck_cacc2ca410cbe80b,0.45019352210226116
ck_c0dde2a6ef1e08c5,0.07064575269912407
ck_a04403073c90ce38,0.013403951925035648
ck_03d3026107175dae,0.5700957425137502
ck_50176dae5b1b716d,0.06840497046241598
ck_6c084bfcb38e96c3,0.695946221226319
ck_36d2be9012f7909e,0.5818292931350582
ck_958acf84c6137a22,0.5794255449174985
ck_114722e12db90a73,0.2656345487879405
ck_203c2a22c0c165ac,0.5362803014870645
ck_2c44ca550e5cfa82,0.8392748013852108
ck_df0a8f20ab8f14f4,0.693379507027908
ck_826a27ff7555192e,0.4261152984314524
ck_09a988ebcf062297,0.7255245467508658
ck_5c82444b3b9160ae,0.5614992870238338
ck_f6a4a7ed27fe76fc,0.7279282949684254
ck_17de46314b5c6a92,0.7460990018333673
ck_335e63101b1e6c4c,0.8955795477694032
ck_c5eefc0697451de9,0.7781625585658993
ck_49a0efb5d4067b6f,0.9265023426359749
ck_c1f4509c8f5dac5c,0.47036056223263395
ck_57658eda1c59bc52,0.11330209818700347
ck_0d5c0736ec76385a,0.05561214096557343
ck_e0239e6ae30795a7,0.770462415970666
ck_e4459115cd8e5e4f,0.42485231207985336
ck_bb4aec09d4968dda,0.9219392951721328
ck_a1b4c96faed3e0db,0.7298838867386432
ck_8247b79ac67aae7d,0.43124872682827464
ck_fe2fc7d6e5d83f09,0.07781625585658994
ck_f6aea576cde8d592,0.02884497861071501
ck_b7e7f7d0cd886412,0.7980036667345691
ck_ca7b993e8286af7f,0.24241189651660217
ck_47de038381a9cd65,0.41988184966388264
ck_d38f941d09eec820,0.6478712568751273
ck_d9ba2a6c0d926b4d,0.5004277856997352
ck_cda72f597330d0f3,0.14613974332858015
ck_16d2d27fadeeacf7,0.2279079242208189
ck_be05447853d423a9,0.07223467101242616
ck_cd92852d7376a4a8,0.15856589936850682
ck_2faf7ecccc9fec58,0.03422285597881443
ck_db8733fd92f20cd7,0.4406192707272357
ck_a9989a3a94c26634,0.52870238337747
ck_957fb25437c75e41,0.7975147687920147
ck_e6a6caf6e7de17c2,0.11114279894072113
ck_f7bc569b37e8bdda,0.4541861886331229
ck_703b375dd86a6124,0.482012629863516
ck_d3cfb3603f2c6ca3,0.8062741902627828
ck_07cb2b6f2a4303e1,0.6842126706050112
ck_31631e2028d4f855,0.523487471990222
ck_1631bab0ba1256db,0.362395599918517
ck_5fdafeaec036f016,0.4074149521287431
ck_6eda4c36aecad602,0.19718883683031166
ck_bd1bf9e3e29de281,0.8426563454878794
ck_bf378ea558a4125f,0.9531880220004073
ck_7aa2deeda0e57412,0.9975962517824405
ck_d229cf7f5a3f38ca,0.38627011611326134
ck_9e109edd124492a5,0.13428396822163374
ck_779491819995625d,0.8561010389081278
ck_b89c6fa2ad0a12f5,0.5332654308413118
ck_1d01b4a609918c4e,0.9838256264004889
ck_714c5d7cb17bc9f2,0.4428193114687309
ck_269f1746f2609ed4,0.3807700142595233
ck_4be03a2aa62b93c7,0.022978203300061114
ck_cf920313f6dd28fa,0.6042778569973518
ck_fb00aae4e17740c5,0.5132206151965777
ck_085d8c42739e2b10,0.9955591770217967
ck_c72a7d0d03cf3e17,0.8990833163577104
ck_8f6ca5d3b17eac6e,0.07846811977999593
ck_d9573100bbff4014,0.9237319209614994
ck_79d6793d1d0cf43c,0.08840904461193726
ck_91fa5032f7aff0f1,0.8637604400081482
ck_87110d84872c0fed,0.6514565084538603
ck_8220da627e9992a5,0.1390914646567529
ck_2ae44938847f3852,0.4368710531676513
ck_b0f191e44f9b6f35,0.7778773680994092
ck_3049d744b527f4d0,0.3741698920350377
ck_47d3e8d1dd3fbcef,0.6630270930943165
ck_ddf787359d2b5deb,0.030841311876145854
ck_b27a9e39726b26d9,0.20570380932980242
ck_80c4e9274cf976b6,0.9894886942350786
ck_c6afa913168ce8fa,0.6608270523528214
ck_52427b3f8478db19,0.7031982073742106
ck_3b810f15ca0eaa55,0.1795477694031371
ck_0c9e420f97baaa06,0.9666734569158688
ck_f8540cf3a8b2f8c9,0.6062130780199634
ck_1402d24dd623df72,0.2461193725809737
ck_eb4f4267e24d042c,0.2767569769810552
ck_6f661b428d6fb8e4,0.7185577510694643
ck_519a26ecf3d29c90,0.3892849867590141
ck_e886ba71d4a6fd73,0.6194336932165411
ck_437f9ecd2016a1a8,0.14915461397433288
ck_f01af1b0c977cc06,0.2802607455693624
ck_614f777c2eb5d537,0.18704420452230597
ck_b804e784cde9af8b,0.3395396211040945
ck_c2dccbc1b24b137b,0.8856386229374618
ck_1df4a1781a0f6999,0.6873090242411897
ck_bd2cdd53fca26171,0.33558769606844574
ck_424c254249a109f0,0.7660623344876757
ck_cf2ca4f286e289ba,0.7891627622733755
ck_6c33cb15b0d8af54,0.24558973314320637
ck_311d395fa9b8550a,0.4706864941943369
ck_9f792e7e721ff7f1,0.17848849052760235
ck_4c37586080edb7fd,0.020207781625585657
ck_7c4f42c5397113b0,0.4721124465267875
ck_fc418f53ce4aa579,0.9813403951925034
ck_1ba28fb7ef726ce2,0.4928906090853534
ck_d932f98bf6b83956,0.8316561417804034
ck_248b3659a9239240,0.6347117539213689
ck_6a92cf5f4cf5de38,0.6315746587899775
ck_65519d0fb137e0c5,0.3518435526583826
ck_ddc3fc99eaba2064,0.7663475249541658
ck_7310cda3bc65a73f,0.16720309635363617
ck_c01c85bd631d4054,0.10694642493379507
ck_b4954d16b9749829,0.6673864330820941
ck_f301f6758e170d66,0.5726624567121613
ck_9bf95f8c47e7c7b4,0.26433082094112853
ck_c91b7fccf6aeb4a5,0.7654919535546955
ck_785fa45e86bc5e95,0.37889590547973107
ck_2a65f1cc23f1180e,0.07724587492360968
ck_a49a2c1f881a3560,0.1395396211040945
ck_def344d68f06d749,0.46058260338154405
ck_abbd1465fc730d78,0.09737217355876959
ck_07a5610ed28162fb,0.3849663882664494
ck_7ecdee2d7127be8b,0.47757180688531264
ck_67858bc00e81490d,0.011692809126094928
ck_b4ad165ace910222,0.2552047260134447
ck_30753ffe481a1b8c,0.9265023426359749
ck_c401a26725b17177,0.037563658586270116
ck_819988d8a7f26415,0.18435526583825626
ck_3364a1d9261b3638,0.37567732735791404
ck_c484c5bda389bf20,0.017518842941535953
ck_ae416325fef92c9d,0.9744550825015278
ck_5517b9a865960542,0.415889183133021
ck_a0e96fed380440b2,0.28567936443267467
ck_e83409471d2b0b44,0.6981870034630271
ck_127273af97d7827d,0.1814626196781422
ck_aaa9861c91bd14dd,0.35347321246689756
ck_a378c58294001a36,0.9807700142595234
ck_abb9d65ff1f95b64,0.3756365858627012
ck_a5ecbefa849ae569,0.47911998370340186
ck_aa9953c0ca2bed7b,0.007700142595233245
ck_40bc6de252865f32,0.13807292727643106
ck_9fb11688dcfe1513,0.1411692809126095
ck_ba68841ca2ba073d,0.711224281931147
ck_1d3e561a7d20be0a,0.9842330413526177
ck_99a92d710a29c1d0,0.26204929720920755
ck_ede2e887697ffac0,0.08950906498268488
ck_e6de67c0d82a7b83,0.42428193114687307
ck_6b38763bf5ddbcef,0.28959054797311057
ck_8dd44eead7d765a5,0.48616826237522914
ck_30bf5b0056eea9e9,0.908902016704013
ck_2981d16f8a51a8ed,0.7042574862497453
ck_fc60f42c68c7024f,0.7712772458749235
ck_8e2b2251ee224aa4,0.4456712161336321
ck_1906f0dfaf6e9bad,0.9344876756976982
ck_dcbe6814fc4ca0b4,0.8345487879405175
ck_f7e958a286ae3b57,0.5694031370951314
ck_713649668a7ca824,0.5877368099409248
ck_6f73cdbf9305e2ea,0.38667753106539016
ck_dd1c490050cd9051,0.6187818292931351
ck_e30db36e376606f7,0.927317172540232
ck_740d8fe8028b5a2e,0.3854552862090038
ck_ebbc9418cd41f692,0.10719087390507234
ck_7b3cc6cc3f250f39,0.3549806477897739
ck_1d30eef7110809e5,0.9278060704827867
ck_77e0589ab339ca66,0.1962110409452027
ck_15ccbf8ff7d14086,0.4099001833367285
ck_246989b0c288664f,0.7405174169892035
ck_fc2a6e27b10b10e9,0.018170706864941943
ck_8afc1112c12f5402,0.15119168873497657
ck_a76e8d83b9141364,0.6668567936443267
ck_51d3e8dd7465c015,0.1558769606844571
ck_e7b4016909405981,0.07618659604807496
ck_e7a3cfb9bf908e80,0.5875331024648605
ck_2bb49dc2388cdc1e,0.17706253819515178
ck_94f4266ee7871345,0.4598899979629252
ck_b2c896beec146477,0.7535139539621104
ck_fcf5d4a4748cdd53,0.14691383173762476
ck_fd0483639811f62e,0.892401711142799
ck_9a21d183524734aa,0.8309635363617845
ck_1df4b46c0a4c317d,0.7734772866164188
ck_638df9e8a22dfe0b,0.3274801385210837
ck_65acc43a6dc3e65d,0.5097575881034834
ck_7c67b73196e3d0d9,0.4211448360154818
ck_b0ee3a98175b462d,0.20786310857608478
ck_20fad010969f1abf,0.11982073742106333
ck_54b087bd873af8b8,0.5474434711753922
ck_8007824431fa803b,0.1722143002648197
ck_23aab322810b9fec,0.37351802811163165
ck_c8001bdb9aafc8a6,0.36027704216744755
ck_3a34c3ac83cf84b3,0.497901812996537
ck_60187ac2c473a662,0.9825626400488898
ck_6a0ccd7357979f0f,0.854471379099613
ck_27f20337bef5ffe0,0.6592381340395191
ck_f9fc468915afe49c,0.7599511102057446
ck_1eabc15a94bd9009,0.41458545528620905
ck_26896c494b2768ef,0.2961091872071705
ck_348c874eaf0354f4,0.656345487879405
ck_be9c46acd216b45d,0.6265227133835812
ck_a3cce46d15cc20a2,0.7029130169077205
ck_70804f60d9704128,0.8160114076186596
ck_a019151ca8e7527a,0.7569362395599919
ck_571133b2aa8ead51,0.6843756365858626
ck_0afa4449f20d5196,0.19148502750050928
ck_4d503c41cf4e5034,0.5311876145854553
ck_d6fb9cc5171e3e9b,0.9642289672030964
ck_05ed92a7c3e10e5d,0.6261152984314524
ck_bfb067986660afe3,0.8488083112650233
ck_c1a31690c8573226,0.15339172947647178
ck_cb88ef3dc1f42225,0.25068242004481567
ck_21e3b3bd998745e5,0.8323487471990223
ck_cf52e46fa54e4540,0.04962314116928092
ck_b72c7ac4208052ab,0.7409655734365452
ck_e6465c56b337e6c2,0.413281727439397
ck_5f87eb05d18186c0,0.0628233856182522
ck_263f6c5ff26b5e98,0.5995111020574455
ck_e0b7e2c0bbe228d9,0.03369321654104705
ck_b657ae3c146cb7bd,0.11342432267264209
ck_abac514d8167ea58,0.7337543287838664
ck_024dcab126876002,0.5103279690364637
ck_5d8481e2b38bd99d,0.31183540435934
ck_edf229c17d25dac1,0.8925646771236504
ck_6cb7c97b72d6b5d3,0.43405988999796297
ck_c96ae2c28086a059,0.8354043593399878
ck_2f241b97c0f8389e,0.4663678957017723
ck_9158bdbb63ee8987,0.2412303931554288
ck_e7b40b60786c1530,0.21650030556121408
ck_66d38518f68e6194,0.09423507842737829
ck_8c9b57ad2a991416,0.7386433082094113
ck_cc91bd7152d3e9ba,0.5206763088205337
ck_0d846660c7957a88,0.2475453249134243
ck_60896cdac2212bea,0.8088816459564067
ck_dc4db8b932df49de,0.8926869016092891
ck_2dc31db181150e20,0.3698920350376859
ck_2f138fce1171e277,0.6229374618048482
ck_68b8b859a6ef505b,0.6603788959054798
ck_c3fe0c6c5e1f40f6,0.5907516805866775
ck_15886fe84866de92,0.7353025056019555
ck_ea269b35406473e8,0.15836219189244244
ck_3ce7cad1f69b71d6,0.630107964962314
ck_054ed4288ee58d6e,0.8140150743532288
ck_3d4913a86f207fee,0.85768995722143
ck_23ff85f9d2355e8d,0.4241189651660216
ck_d87ab3261322216a,0.008066816052149114
ck_fac046ce336fe39d,0.7755551028722755
ck_beb97e498e6cf8e8,0.7742513750254634
ck_1f517e0ebf397b51,0.45748624974536567
ck_0af57ebaa45877a1,0.18977388470156856
ck_f99bc1732ce5e999,0.7217763291912813
ck_abb056a9deab275a,0.6887757180688532
ck_0bfc394c5faa65cb,0.3108983499694439
ck_ddc865af1dd5670e,0.5840293338765533
ck_68b5542459638b56,0.7757995518435525
ck_0b1d84252c0b46c2,0.08482379303320432
ck_520ec32c4f253604,0.4892646160114076
ck_79ffcfee599d77c7,0.44742310042778566
ck_eb224c0fd146253f,0.8656752902831535
ck_0e477084434da450,0.5751884294153595
ck_07840bba5570785b,0.8123039315542879
ck_6b67fe8e310ab865,0.5196170299449989
ck_e2a1068c2fa22525,0.6141780403340803
ck_b9c6b32f6bd92a3c,0.09570177225504176
ck_c1e7d1021ae58f00,0.05300468527194947
ck_5d7801201749ffde,0.6354043593399877
ck_c8806749e263f70b,0.04212670605011204
ck_c9eeab826781dc91,0.5320839274801384
ck_309a432c160a17b3,0.24098594418415153
ck_b22e3337b8e3dbb2,0.33778773680994095
ck_79c30169c71b8033,0.9570992055408434
ck_5a6593d954085775,0.1468730902424119
ck_70b9b79ea1aacba8,0.7197799959258505
ck_63743141ffa11f45,0.42000407414952134
ck_dfd3dbd0d97a642b,0.4770829089427582
ck_635646a661f05b4a,0.41458545528620894
ck_4b123d6931b6d0d7,0.8998166632715421
ck_f2b0e7a47f442557,0.9635363617844774
ck_1b1df006b81d38ba,0.2852719494805459
ck_360237c1bd30f4bd,0.34471379099612953
ck_5e84bca0e362da20,0.510857608474231
ck_142dba210ed2f3b5,0.7088612752088002
ck_a3564236069e3524,0.8037889590547973
ck_cf36d8b070ded782,0.3879405174169892
ck_ddd6625c5eddad70,0.048441637808107556
ck_ad54292a0b2f44ef,0.6556528824607862
ck_45cd5ef6b359e9b4,0.20582603381544104
ck_982c2392238b7be3,0.935465471582807
ck_083e4ac78685c3bb,0.42338561825218984
ck_729cc0b46cc2e546,0.9036463638215523
ck_f2b8995fe5402759,0.31004277856997353
ck_73e24f5a8da289b3,0.7833774699531474
ck_bd85f30c36f5998d,0.740069260541862
ck_ee4ff3aeadf912c1,0.19470360562232636
ck_63d2978706e193d2,0.4988388673864331
ck_6a0684436a1e66c3,0.9463841922998573
ck_182dc4a2f5a366da,0.11945406396414748
ck_e6fecb82fc2a82de,0.393990629456101
ck_cfb06f07394dfe64,0.058789977592177634
ck_7bbe1dc8add17ef0,0.30112039111835404
ck_5cacad76e02c8e3d,0.9513546547158281
ck_ca68dec0c7df5a12,0.30071297616622533
ck_e4c0fc52c82065d3,0.30230189447952743
ck_f9197b070416f443,0.1654104705642697
ck_2a07c7021b71cf65,0.6435526583825626
ck_4fa85cebf707de2c,0.061478916276227334
ck_0063d2a9507467e5,0.28722754125076394
ck_ec986285fff05b7d,0.1311468730902424
ck_279d43303708109b,0.2916276227337543
ck_a406bf11e48cf8c5,0.8713383581177429
ck_064b2aa3f0bfdb6e,0.38745161947443474
ck_95790440bc4bd2d0,0.32568751273171725
ck_70066eea13b4c34f,0.3253208392748014
ck_19468fe07e26f992,0.9806885312690975
ck_86bfe328e0a533b9,0.9487064575269912
ck_ace3b96c977a7560,0.8669790181299654
ck_642344e5c652d8df,0.6431859849256467
ck_074be35c951ae10a,0.5116724383784885
ck_f14dce41036486a3,0.985088612752088
ck_5cf67a3a747e684d,0.7801588918313304
ck_f7285b92648c1c81,0.0961091872071705
ck_bef3193f124fca5c,0.9148095335098798
ck_05c4dcbb45de1f8d,0.3831330209818701
ck_d7c28eaa05bb7144,0.4829089427581992
ck_320df984791a1b99,0.10095742513750254
ck_f45bad1606fa00a7,0.34426563454878795
ck_6f81c199e986d9fc,0.2940721124465268
ck_d0c9633fed57c344,0.5837441434100631
ck_a3c25d6cc7478068,0.44852312079853335
ck_4185506d12cf9fa0,0.09839071093909146
ck_7a02ee1bfba7353b,0.6941943369321655
ck_1b52590757c0fbeb,0.304705642697087
ck_a0e5656e1cf9cbf5,0.17013648400896314
ck_ace21f6daef94f6e,0.3719291097983296
ck_646d8d0834782d6a,0.9075982888572011
ck_1f136a4476b5e775,0.41560399266653086
ck_325c7643cce02da3,0.8018333672845793
ck_9b5e7fe28208f5d1,0.15363617844774904
ck_05d81b1a150f31c5,0.10360562232633938
ck_0e9ec486bff403c5,0.5081686697901813
ck_ee13c091bc379188,0.5759217763291913
ck_f7a7f8f5903617c5,0.4821755958443674
ck_96c3a3517153390e,0.3834589529435731
ck_538dad7f096458ad,0.14377673660623347
ck_8758fc6622bbb7df,0.5585658993685069
ck_f7e53af3c91fec64,0.6612344673049501
ck_80b50fad7f255e1d,0.24017111427989407
ck_9645e7adc08631b5,0.6465267875331024
ck_e007aedbf37d6ec7,0.4475045834182114
ck_2951d76c41de2569,0.8379303320431859
ck_9439bff87e616d4a,0.4712568751273172
ck_a73045e96af0e4fe,0.4375229170910572
ck_7b382e533e2e925a,0.635933998777755
ck_730226c2d216cacc,0.40097779588510896
ck_bdf837d761a7cec2,0.9325320839274802
ck_0b34197335ba3341,0.23442656345487878
ck_49170c4b31a20f5c,0.08637196985129354
ck_cd553ba6589d8bfd,0.41808922387451625
ck_56b992c6f136fa5e,0.6921980036667346
ck_8beae3d7328fa41a,0.7475656956610308
ck_1a065ea906ae3d6a,0.2897535139539621
ck_e9e3381d5e0e5051,0.058708494601751884
ck_a6d4f998dadc90c2,0.7901405581584845
ck_d36733da917115a6,0.47182725606029746
ck_e738e920bbd74a7d,0.5768588307190874
ck_af65eb885a51048d,0.053289875738439595
ck_73f4eb09af29b1c0,0.7251986147891627
ck_8fc641b1750a2542,0.7002240782236708
ck_41b954c7a948c060,0.1611733550621308
ck_25fc3010e8a0f6d7,0.3722550417600326
ck_a2624e0387974e0e,0.6862904868608679
ck_5cb9d7b2329d5ab6,0.7341617437359951
ck_6c83aa1d100a7cd8,0.8389896109187207
ck_67025c64588abd1e,0.18313302098187004
ck_f5dde68f6f0468e1,0.09586473823589325
ck_46bfb2cfc29a6d2e,0.39433693216541044
ck_49dddb894d33f6db,0.7749847219392951
ck_f738b633b8862d18,0.005785292320228152
ck_3d6c3c00d854f5a4,0.8014259523324506
ck_cdb8061d8d1a6c5f,0.2646567529028315
ck_5e1b81848718bdc3,0.5504990833163577
ck_8def763034187436,0.6847015685475657
ck_8f8e4fb9c6190272,0.5232837645141577
ck_368b968b5f33431e,0.2851904664901202
ck_ba7e347251ea399b,0.5168058667753106
ck_9075432001a64e75,0.2656345487879405
ck_73c5371635aca173,0.9558362191892442
ck_81793387b38047cc,0.1462619678142188
ck_0cf220816e320ac5,0.25227133835811777
ck_820219bb9c761b52,0.8754939906294561
ck_70a932ab39d86a24,0.03373395803625993
ck_2c4be237a7ed79c7,0.18492564677123652
ck_acc764b49ef02826,0.9303727846811978
ck_74c3c3452e4e7cce,0.1808107557547362
ck_34dfb57e5bf31d2f,0.7826848645345283
ck_6ec39903f765956d,0.7748217559584438
ck_5986119e7d81e831,0.5499694438785904
ck_2ddfc948b8eac752,0.934528417192911
ck_921ff5ceaf40a968,0.7935628437563659
ck_fb3b68b4424b5f92,0.8238745161947444
ck_c3db1b3ad4f16679,0.28702383377469953
ck_124a197be41687f5,0.6008555713994703
ck_c58d9151834f5bad,0.5905479731106131
ck_389607982eb6b701,0.9596659197392544
ck_fb0c138c003e933a,0.06677531065390101
ck_50d0bb7edd8c69c0,0.774047667549399
ck_c6cb651149dc9a8a,0.13778773680994094
ck_81e21354e477eceb,0.7723772662456712
ck_7696e38b3e4197b0,0.36736606233448765
ck_586001d3ed9e7fbc,0.009044611937258097
ck_bba413492dc46f2a,0.41279282949684254
ck_95b894380ad2702a,0.7768995722143002
ck_277621473369614f,0.9945813811366879
ck_a50621b5eeca84b4,0.04481564473416174
ck_bfa7ba218b988cde,0.727357914035445
ck_5ea89567dfe78e4b,0.5475656956610309
ck_6c679602a6476ab2,0.33412100224078223
ck_d3885e286b3b11d2,0.6255449174984722
ck_cdcf6671b37c9c92,0.33970258708494605
ck_b5c93e6d34f8d366,0.10584640456304746
ck_c24f61925dc158d5,0.8701161132613567
ck_cd09375e6c81d2c4,0.6195559177021797
ck_a95afc7a00303a26,0.372743939702587
ck_8e89ca8b39f3f8ad,0.19975555102872275
ck_9a84b396aada3fa8,0.7616622530046853
ck_5124a2e415384945,0.7788551639845183
ck_d66bb1f063357f99,0.12320228152373194
ck_0fd9312411b0ac55,0.5258504787125687
ck_ad8cbe6e27e47ede,0.5570177225504176
ck_8398adeaf41f9cae,0.31998370340191484
ck_dcf851e7bb5855d0,0.07459767773477287
ck_9affb0f26776b642,0.4470564269708698
ck_f0424b3b36bdbef0,0.812955795477694
ck_66746d1090d6d9e9,0.12377266245671217
ck_e5f8c8a5824db594,0.3444286005296394
ck_3e91dcc209431984,0.811326135669179
ck_126a82e8d42e5ce6,0.2309635363617845
ck_38e4a74ab256e2eb,0.3159910368710532
ck_1225a97fc413a419,0.6659197392544307
ck_9b5ec0f78e160e65,0.16174373599511102
ck_7c5529bcc079600b,0.5396211040945202
ck_29640fc2fe81c251,0.6539417396618457
ck_160e9ba0a3f7c1fd,0.7455693623955998
ck_bff090cb4ab76b9f,0.6952128743124874
ck_aa06ed358e43db69,0.8598085149724997
ck_7264486eb512d84a,0.16072519861478915
ck_f5a32e6160b28379,0.24685271949480544
ck_4ba8bec14c2217e1,0.397718476268079
ck_610815786d729d2f,0.8680382970055002
ck_e267999226b6321b,0.24163780810755756
ck_f3996a3c8eea1ea0,0.4869830922794868
ck_e9b75ed7567a3f23,0.5680586677531065
ck_d21612d48bb4f7b8,0.534161743735995
ck_1f871df76c6a995b,0.8759014055815848
ck_953bd5de48ccd70f,0.9550621307801996
ck_02a9104419a6dbaf,0.28030148706457525
ck_1eeeee651e05d535,0.8634752495416583
ck_e2ab04136a442a98,0.42269301283357097
ck_f0d806624ef3d359,0.20912609492768386
ck_4b68b38c1b3326a3,0.1297616622530047
ck_74e60495f8861156,0.5960480749643512
ck_398f3f4cf05c721b,0.07590140558158484
ck_f761b7650a0c1a85,0.7335098798125891
ck_7dadef33f5e2d94f,0.9924628233856183
ck_6ff6883633b8c7ba,0.02175595844367488
ck_4d2159603045109e,0.495620289264616
ck_a38bd07a5fac5c9a,0.1256467712365044
ck_f517f06551e69507,0.3463434508046445
ck_a7ea00a1760ad561,0.9878182929313505
ck_31fc51d5a3dfe16a,0.6656345487879405
ck_bac5233623b25ca4,0.25475656956610304
ck_385188ab27784fe3,0.82012629863516
ck_9947a323bab5cacd,0.8726420859645548
ck_7973edc9f22ee7b6,0.7331839478508861
ck_f97c477986043755,0.09635363617844775
ck_1a3fd2cc4b4de196,0.17474027296801792
ck_e18ac29ea62cb435,0.7285801588918314
ck_9720a472a3e0140c,0.13583214503972296
ck_668c7fc7d7e47c0e,0.7801996333265431
ck_214af0806470ef48,0.350417600325932
ck_a46c1773f01f0be7,0.8608677938480342
ck_f2bdcfb4203ffdee,0.8301894479527399
ck_40e84e6ffe788a4c,0.6576492157262172
ck_dfc6f5712d8d6678,0.8903646363821552
ck_01ef1036b2e66a4b,0.14781014463230802
ck_3acfec10eec32f9c,0.6257893664697495
ck_084a85145c15ed77,0.8535750662049297
ck_fcdb4fe2f095fba1,0.6117539213689142
ck_023908db0a193076,0.8768384599714809
ck_fec0ff92fd622253,0.6201670401303728
ck_c009c97d5fafbced,0.8585047871256876
ck_eb9f0c06ee017ee5,0.337421063353025
ck_d7792b429620fc24,0.29940924831941335
ck_5e9e149a3b69c726,0.5156243634141372
ck_ce927322ef8f651c,0.45218985536769196
ck_b8fd61a8e82bce32,0.9790181299653697
ck_9aafc33fba1474cb,0.1821959665919739
ck_ce81ff9b8b35562f,0.6871053167651253
ck_25bfca1d8eaa152d,0.42240782236708085
ck_170c65860e2a7e23,0.5988592381340395
ck_952da7ca9f33decb,0.30042778569973516
ck_1ebd574406235957,0.45271949480545937
ck_589109a188adc2c1,0.1781218170706865
ck_f0cbd5383bb07778,0.7030759828885721
ck_242521e261148fba,0.26995314728050523
ck_509cece86a558de4,0.3913220615196578
ck_0dd7c5925d28755c,0.12613566917905886
ck_a7e669cf1c3985aa,0.5696883275616215
ck_acb84dc2351eeb76,0.2199633326543084
ck_b837c7dac2a9b931,0.5412100224078225
ck_18eb1f9181f95df4,0.35416581788551643
ck_b0b9047dddb1ec84,0.9259727031982073
ck_43aa136bdb0a2832,0.9339580362599307
ck_3e47f8c56c811700,0.672927276431045
ck_77c587d24695ea15,0.5546547158280709
ck_20578ac693ea4e93,0.5580362599307394
ck_b9f6040eebd1605f,0.8194744347117539
ck_ca9d86f65cfdf018,0.46168262375229174
ck_a4fa8833995c716a,0.29802403748217554
ck_f589f1e29301b5fd,0.47089020167040124
ck_961ddb8ff55d868e,0.06465675290283154
ck_5662492a54e6688b,0.9001018537380322
ck_ad48826c1c26eb78,0.9534732124668974
ck_621c9ddde6bf2eca,0.6493379507027908
ck_417a3500b2c717b3,0.6655123243023018
ck_c7e129058beb3ac1,0.6187818292931351
ck_ec1c902b9b9b9c5f,0.8910165003055612
ck_317360ec0a67d27e,0.862212263190059
ck_3e3ea5d8c4a229dc,0.6986351599103686
ck_d11d27de7bf0b973,0.8742717457730699
ck_d37d56e931105db0,0.3425137502546344
ck_4863077723cd6ce1,0.05267875331024648
ck_479a065d5903e9c3,0.12752088001629658
ck_e66ae4fd586fedea,0.1740069260541862
ck_192bbfd0d5720134,0.5361580770014259
ck_3b436cb29af99f3d,0.5068242004481565
ck_7c7ca54969eed187,0.7696883275616215
ck_826ee896c9f1144d,0.8836830311672438
ck_ba1f6dd43fc8a0b1,0.34524343043389694
ck_49685deb63e4e8f8,0.2660419637400693
ck_687ab5d5554bfa79,0.6387859034426564
ck_41346ccd9242cc8f,0.04412303931554288
ck_8f8e5e2b9dfec3d1,0.6888572010592788
ck_94d5ce61a0c50465,0.5498879608881646
ck_6b954c75aad8c012,0.6936239559991851
ck_748af92828c9d288,0.2714605826033815
ck_dddd14091ce812c2,0.31350580566306785
ck_723323f6870fab59,0.5498472193929518
ck_dbdf8d0708cc6718,0.25610103890812796
ck_f04938570a154de3,0.39527398655530654
ck_58afa1550b3b5294,0.47374210633530256
ck_3b150afde386ecff,0.6281116316968832
ck_666b95e75d99ec4e,0.9720105927887553
ck_e00332597cf1eb24,0.6566714198411081
ck_9a9e3dac79280d7f,0.8335709920554084
ck_e8d37262e859d9a1,0.3929517213281728
ck_895bb39d24bc1c4c,0.04632308005703809
ck_b367449195e36499,0.4834385821959666
ck_d23f9a50d1135ce1,0.8849460175188429
ck_670dc4910cf476c2,0.18215522509676105
ck_3ecd8a5ce65e21ca,0.4097372173558769
ck_8584fea2df4c6317,0.6239152576899573
ck_0789ff4562202b20,0.5355469545732329
ck_749e0e50c3907be8,0.1421063353025056
ck_c3ff6790cc6d7e34,0.20586677531065392
ck_75fb7e56432ee4b2,0.22391525768995724
ck_529fc3170fd11abd,0.8420859645548993
ck_34a69b3b4a681796,0.91183540435934
ck_255f0e5888ae9e23,0.7678549602770423
ck_65be698386474170,0.0859645548991648
ck_5eec9ed855c26000,0.09806477897738847
ck_5ab39bdc9610f6f3,0.9331432063556733
ck_1b5b75762f033462,0.49142391525768997
ck_d3e208671cf37f91,0.9814218781829294
ck_5068ee554ceff971,0.6803014870645753
ck_d7d50fb57fcb2d0e,0.08209411285394173
ck_ba6e1115fceaa067,0.809411285394174
ck_d07bfb16a4a7dac0,0.9694846200855572
ck_ead68310311690c8,0.9532287634956201
ck_ee53ce862bc9c111,0.2916276227337543
ck_97e56e6037024dff,0.0236300672234671
ck_80b04344c98ec072,0.4050519454063964
ck_5954f45a2ab45f43,0.3069464249337951
ck_18ddf7e836256e3b,0.32711346506416783
ck_89a1a780144d808b,0.6798125891220208
ck_a7331e8b808c39aa,0.8551639845182318
ck_a1fd0ad03ff9b776,0.5518028111631696
ck_c0cf50eef030b401,0.027622733754328783
ck_074f20921189e7d6,0.23670808718679978
ck_e2aa7be60794593d,0.8958239967406805
ck_72771757dfb7f7a8,0.625626400488898
ck_a9cd84a6dddfe584,0.5016907720513343
ck_142c00f9f8557504,0.5124872682827459
ck_221b5d40358230f4,0.5171725402322266
ck_a2d7a563f520b7ea,0.41372988388673865
ck_66cd34bc568d95e0,0.406477897738847
ck_a17128972d3e507d,0.3564880831126502
ck_bda299466bb2136e,0.6382155225096761
ck_2b699066665abe8a,0.3624363414137299
ck_0ac9848bd4ba0c14,0.047749032389488695
ck_98d2f9a6ba3a3077,0.9705846404563048
ck_a872df31b28a5f7f,0.8129150539824812
ck_7e73e1d44ce82ed9,0.3746995314728051
ck_1a415416f620d49d,0.32356895498064786
ck_c95c786d2f8b8edc,0.364025259727032
ck_e45012f22b7f91d5,0.03491546139743329
ck_aa0b083e2a6813eb,0.8485638622937461
ck_4666232ddbf77756,0.23365247504583414
ck_e08e9c8ec5f23d8b,0.3199022204114891
ck_31d4c0518e5f52c6,0.4829089427581992
ck_c1ab40638f04cb02,0.563373395803626
ck_4c1fdd1669c7cf51,0.14760643715624364
ck_11662cc7940ffc82,0.7961702994499898
ck_2e679af24adedac8,0.3747402729680179
ck_454b9e21b7f25a4c,0.04188225707883479
ck_355c4f29089731e8,0.9551436137706254
ck_507e40760a24d2d5,0.6546750865756774
ck_0943e0f305078e34,0.9925035648808311
ck_abc54ed7111e9ed1,0.17131798737013648
ck_a60fe02fc04407a9,0.8114483601548177
ck_244b897bb4d57c1f,0.30364636382155225
ck_8c84fcde93a04334,0.906009370543899
ck_9eea37d2de633b27,0.2653900998166633
ck_b2cb9e6610eca967,0.5166021592992462
ck_09aadb4c41b166f1,0.8733754328783865
ck_8d94fbb4828ef326,0.26245671216133626
ck_089e3a07abbe3b8f,0.22998574047667547
ck_dfee9de05e3971cf,0.22000407414952128
ck_6abf8302ce052451,0.8431452434304341
ck_6ffa90143838a4a2,0.15233245060093706
ck_325caeab5c7a9c3a,0.2458341821144836
ck_1964ee9db929a173,0.9556732532083927
ck_942b95988a6245a6,0.7964962314116927
ck_913ecdeeb8e21a9c,0.30075371766143816
ck_ecf9794349eb4b3b,0.7099612955795477
ck_b6cb8d6ae828eed1,0.7065390099816663
ck_2f82ea66c4f53b33,0.8538195151762069
ck_6e676daa4855b58f,0.8080260745569362
ck_2a37fef48b44e9c8,0.3636585862701161
ck_3bd12d468fdc2450,0.30731309839071097
ck_1a28b6a40a6bd3b4,0.7694846200855572
ck_61b79dec96d15713,0.1343247097168466
ck_31d5e3daced93d3c,0.4662864127113465
ck_e6c8611c0cf233d7,0.4733754328783866
ck_f04761b4a937ac3b,0.47374210633530256
ck_38c1c75cf055031b,0.49227948665716037
ck_59a561f3df01441a,0.624648604603789
ck_04e40f556a5062ef,0.29953147280505193
ck_8409716d174635b6,0.377632919128132
ck_3019afee83342701,0.5999185170095742
ck_b51a58e7f032c9a8,0.6768792014666938
ck_5043e474f848346d,0.6621715216948463
ck_4388abce33ecd01b,0.9091872071705032
ck_c93def7392f0aff5,0.8443267467916072
ck_72e7b1acc19df820,0.5317987370136483
ck_f253130dc3ca5b3c,0.3458138113668771
ck_eb264d1b180d4b4c,0.9225911590955388
ck_c2504f5a113433ee,0.06600122224485638
ck_c16ab1e4dafb4910,0.8945202688938683
ck_4bc42878fa180991,0.6635159910368712
ck_1c771a7c78f6622c,0.7441434100631492
ck_d523f0e50a2747ad,0.17433285801588919
ck_9060f4e7ab7a1b0c,0.5499287023833774
ck_6b55ec4e87a5e22c,0.8413933591362804
ck_55fc62a5f89a7251,0.5253615807700143
ck_bd2545c62f258231,0.7299246282338562
ck_1ccdc69d0bb712b4,0.5735587696068445
ck_710f867a3bd5898c,0.17535139539621103
ck_f91d48c40337d375,0.6753717661438174
ck_f76d929541ed41dd,0.7732328376451416
ck_e26a6659c237b650,0.5229170910572417
ck_184983177b73dea5,0.5746587899775921
ck_6d0d081bfa8a0022,0.6753310246486045
ck_2f6e64f638da0f97,0.2209003870442045
ck_15b93103ccd38609,0.28918313302098186
ck_094d10439b7b4eac,0.4769606844571196
ck_d2ca47180a926ba2,0.19119983703401916
ck_a69ca7b9d70972bb,0.08543491546139743
ck_68914e67343a7d32,0.22611529843145242
ck_8176616132458c0f,0.1590955388062742
ck_eee99af3598311b8,0.7542065593807293
ck_94410eedfca91304,0.7909553880627419
ck_cfb11a0a2325bff5,0.10462415970666124
ck_75217ee144b715f8,0.8477490323894887
ck_d56fc799542299b8,0.02782644123039315
ck_4c352dd3e7c81269,0.7654919535546955
ck_e23e50e02cb3904d,0.727398655530658
ck_b921af37d500e139,0.46306783458952944
ck_82181b935360dcbc,0.9889997962925239
ck_22a7cf3b99c5e5fd,0.3820737421063353
ck_f67ee7910d532216,0.5009574251375025
ck_5f48762a14a0326f,0.14740272968017926
ck_1757fcb0e6e3f88e,0.8397229578325524
ck_2c2f080ba185016e,0.7728254226930129
ck_4c25570eb72711b8,0.08730902424118966
ck_a3be871ca22ac416,0.6494601751884295
ck_ab70961e7c6695b2,0.3466693827663475
ck_a1cdebfc42a52448,0.20867793848034225
ck_f1b80b821a20186d,0.7477694031370952
ck_ae668e4564cd2aa1,0.10792422081890404
ck_0e2bc3a5afa439d8,0.6876756976981055
ck_3dc378f37d0b74b8,0.5183540435933998
ck_9f9555197480d1cd,0.5259727031982073
ck_bf4e7d48770a4a8b,0.8060704827867182
ck_614ef655f0685060,0.26657160317783657
ck_04d2ea38ee27770f,0.06453452841719291
ck_e03a9d8ac94161d5,0.10442045223059684
ck_d4007b5b26d9d854,0.04489712772458749
ck_2dd147ce6d61749f,0.5805255652882462
ck_ff45764ea7d6619f,0.6497861071501324
ck_dbc487cb0a6c18da,0.9701364840089631
ck_791d5392bbd80447,0.22367080871867998
ck_b4068439c413b150,0.41271134650641683
ck_85df7b7de9700aba,0.03222652271338358
ck_001e42551cd06e40,0.45516398451823187
ck_a6c02ae50932cd9d,0.16614381747810147
ck_9fd0be2c018ff5e4,0.3801181503361174
ck_32a495128395fde5,0.6211448360154818
ck_b6f2a2fd232c141b,0.6762680790385007
ck_28dde633692904b0,0.7521287431248727
ck_a1a93c5f375f6021,0.10743532287634956
ck_e3982142336782df,0.65414544713791
ck_a9812ff3c111ea94,0.6375229170910572
ck_f04062216f95fa00,0.5597474027296803
ck_7c560467daca735f,0.011774292116520677
ck_76ee10d6e2dba70f,0.8659197392544306
ck_3521243bdac61178,0.31692809126094923
ck_28588fb03b320520,0.6400081482990426
ck_580dcec33ec232b8,0.155591770217967
ck_7109923fd7dab20a,0.5887146058260339
ck_7c872c99481c1e9e,0.3738847015685476
ck_46f4e1f5026f4d1b,0.0008148299042574864
ck_00d1ebc31ec4653c,0.6759828885720106
ck_aac70764dde15168,0.8267671623548584
ck_648c03f9aa4e45f1,0.7947850886127521
ck_5478eb69ef912785,0.884579344061927
ck_79b8523137bb2603,0.816174373599511
ck_795c49f312640019,0.01104094520268894
ck_89184bf7b7fe41cd,0.9267467916072519
ck_97d4bd922996fa10,0.7771440211855776
ck_1cef30d08f3a598d,0.09672030963536363
ck_2f9fd36a4a40a6a8,0.041760032593196175
ck_40780fc0f8d6f309,0.498838867386433
ck_9083ca9fec2a7f4c,0.45626400488897945
ck_62081bc35aa59931,0.29264616011407624
ck_2e1b46c5fc56b863,0.8126298635159911
ck_3d139692c51b604a,0.7269504990833164
ck_b5e54e22e3d6960a,0.3955999185170096
ck_c0c4be3f44311b04,0.20289264616011407
ck_82a8bdd2692c2a5e,0.4993685068242004
ck_bdd2da300b530c5a,0.3817885516398452
ck_ee40498cd97183d3,0.41181503361173355
ck_70b9274473bd6dfe,0.044897127724587496
ck_473d6314ea614b29,0.23153391729476472
ck_7443d6dca8cd1352,0.17616622530046855
ck_3b49768b448b071e,0.5479731106131596
ck_b43f04431c267dea,0.11908739050723163
ck_4424a5223ba2fe00,0.5077612548380526
ck_819bf3e8231f4081,0.6072519861478917
ck_91d417507a8c58cb,0.8703605622326339
ck_e88e86b19cada4aa,0.6638011815033612
ck_59684167f9c6bf4c,0.863882664493787
ck_d5f5b0dc97b9dc27,0.7501731513546548
ck_13d1b192bbff8f32,0.3473619881849664
ck_b21d8630387cabce,0.3638622937461805
ck_e4ac22046699b99f,0.29757588103483396
ck_74b848064f2ff45d,0.23434508046445304
ck_166aa980cc87fa77,0.8028111631696883
ck_98e337806104dd88,0.09639437767366063
ck_66eb09be007f0755,0.4363414137298839
ck_3ec9b9d8dd7be11c,0.4134446934202486
ck_8b8b9de339d75d0b,0.5518028111631696
ck_6715139e240007d9,0.1729069056834386
ck_a0255ab46e122d2f,0.035648808311265025
ck_66e81a4190c33510,0.30450193522102265
ck_5d75ea4f5c9080bc,0.9264616011407618
ck_df69858b8a8b3165,0.521755958443675
ck_e15252ebd7553422,0.21943369321654105
ck_34d6d74bb3ed11e5,0.06714198411081687
ck_c2608f78f6851d10,0.8359339987777552
ck_bb99071e8f58c8a4,0.9288246078631086
ck_06010f0df5b7cef8,0.6006111224281931
ck_8c582eb0f6c0148c,0.2143002648197189
ck_0034d010d28aea78,0.26926054186188636
ck_01c1f06692566ca1,0.5070686494194337
ck_4807726e797fb893,0.5274801385210837
ck_edc9668282e3c8cb,0.3482990425748625
ck_5486768475af7bb5,0.9726217152169484
ck_3fb9813849e51837,0.5391729476471786
ck_861af5a9a9a6d619,0.17148095335098798
ck_da39653add0f1109,0.0629863515991037
ck_74a4244eb1f162e4,0.006640863719698511
ck_9a930faade55b8ea,0.32621715216948466
ck_fb6e06ca88519dcd,0.3848034222855979
ck_9776cd8263a9f415,0.37975147687920147
ck_b3dd1198ac5aea73,0.5834182114483601
ck_b6675a04df1a4276,0.42077816255856587
ck_5c7ad6e731b69333,0.9175392136891423
ck_28dc0fdbaec00580,0.8446934202485231
ck_8e7a32f7e3905f4e,0.6138928498675901
ck_8563fed6674afc77,0.41034833978407004
ck_9a2fcccb82da663e,0.40101853738032184
ck_6a519bdac0d94527,0.13016907720513343
ck_a0dab7aa9c4a39a9,0.2327154206559381
ck_a3ce05e9e5e32142,0.35453249134243225
ck_7a7e40ee3f97c035,0.6695049908331636
ck_9e9a830785112a73,0.6879201466693827
ck_ab1bb02f6b189304,0.7589733143206355
ck_7b8cb0f90fbdc8c6,0.23719698512935422
ck_b138fc249e659e60,0.4928906090853534
ck_e73caa3771ec5e0f,0.4499898146261968
ck_18a55b06ccccd88b,0.6156039926665308
ck_fdcb1d9265d8fec1,0.8417192910979832
ck_e21a900556b382ad,0.7210429822774496
ck_c6bf67470f526771,0.7518028111631697
ck_b568ba3837afb39a,0.007985333061723365
ck_a2858979dd5645ef,0.003829700550010186
ck_1da9d40837ebaa57,0.7498064778977389
ck_9341c7959543c542,0.10409452026889388
ck_c8ad86806b9a2369,0.7684253412100224
ck_5c85d93ecfed4b0e,0.7541250763903035
ck_f07b09879d697b82,0.20069260541861883
ck_fe43da07608b1749,0.6421674475453248
ck_4bca22b5926b9c28,0.1243430433896924
ck_aba573aa942b1d41,0.35359543695253615
ck_57c14e32fa4683bf,0.1327765328987574
ck_891530b489ce402b,0.19225911590955388
ck_5e74fdadb93ff293,0.6590751680586677
ck_14436a409ebcc90f,0.2677123650437971
ck_00013fdfa0bd37dd,0.267427174577307
ck_7dbe24ba01316775,0.8030963536361785
ck_0e3f80c1553c591b,0.5262578936646974
ck_3edc45db58760d76,0.34157669586473827
ck_29076a13f539187a,0.9353839885923814
ck_b1e81b58b9a545ce,0.7643919331839479
ck_3f8571d4f7420b2a,0.7753106539009981
ck_7dff6abe4bd644dd,0.947524954165818
ck_2884bab237af16b7,0.2228559788144225
ck_231e6dd1fe708000,0.24701568547565697
ck_33ecaa7b892e73df,0.35982888572010596
ck_b109ec4c63503030,0.2574047667549399
ck_a7f522382509cef1,0.04420452230596863
ck_748b3ea941d8b3b9,0.8093705438989611
ck_29f3a1737a2d9634,0.6342635974740273
ck_cee8d42475a0f020,0.1590547973110613
ck_c6b6ebe145a8ffab,0.48307190873905076
ck_21c99e1d6b881894,0.05752699124057853
ck_5ad798286384484e,0.531595029537584
ck_b621b6ffcc7f4848,0.7259319617029945
ck_ea819e337233475c,0.8988796088816459
ck_9e3896c2668ce06b,0.6909757588103483
ck_501dcf1ead036d2b,0.30678345895294357
ck_8d5eda29a2cffa3c,0.23797107353839886
ck_4d3aa36ff83f1132,0.9627622733754329
ck_8e9faf94e3e6c757,0.017029944998981465
ck_ce0ec41f96951048,0.6963128946832349
ck_f09165d73ee903b1,0.4506416785496028
ck_a432b1bf1d3b3d5e,0.9234059889997963
ck_ea618f720ff0b4b0,0.8169484620085556
ck_7584e7bd755cb28a,0.3335913628030148
ck_e14681aad43e1a72,0.5495620289264617
ck_5e18870d8e30e379,0.5976369932776533
ck_ff7c26a62bda8089,0.10152780607048277
ck_cc5a35175d381d5a,0.3953554695457323
ck_3c25029e40aa8a84,0.10653900998166632
ck_771247b5bc16c12a,0.17706253819515178
ck_664b5e02759f985a,0.11252800977795885
ck_692a9e8f504b9762,0.04876756976981055
ck_df8ad2deb0a4ffed,0.5921368914239152
ck_eb48c0bcd12ea654,0.6084334895090651
ck_7c77e597c951cdad,0.43756365858627017
ck_4f75144c6f3b13ad,0.5316765125280097
ck_1bcff399166d7c43,0.17009574251375026
ck_975c2aa3d4a8c51a,0.46221226319005904
ck_bc6f07b06aaa4ce3,0.9241393359136281
ck_80b072b7f3c7e8e5,0.4418822570788348
ck_471e4018a23b4e56,0.1952739865553066
ck_53cddfba570b4a3b,0.5460990018333673
ck_630530e50764f229,0.4255856589936851
ck_dcef7887a4f1e435,0.7997555510287228
ck_2795921a055643f6,0.1635363617844775
ck_7456df89f3792235,0.19091464656752902
ck_5014a3b07e1f049f,0.941372988388674
ck_d4ec44760cbe03f4,0.4524343043389692
ck_96810ad39d4cb7b0,0.5679771847626808
ck_3222ea25aa29bfa6,0.26628641271134657
ck_f6c42001b84a10cb,0.8637196985129354
ck_5ac86682385c86b8,0.5540435933998777
ck_4280c33af57eb4f4,0.11281320024444899
ck_05f79ddd8eefaa56,0.2983907109390915
ck_3a57a13ce032a6fe,0.049337950702790796
ck_a721f0d635fad68a,0.3304950091668364
ck_a3f821bdf408c326,0.20810755754736202
ck_0ada63008be5685a,0.750376858830719
ck_8c949bdc6e8720fa,0.8442452638011815
ck_c0d2c56f9c722e99,0.985088612752088
ck_5d2b9e6e087b8dfc,0.9962110409452027
ck_5217b55593a332ca,0.8442452638011815
ck_7a7bb9be5a7e48ad,0.37885516398451824
ck_24cd0d779e866287,0.06852719494805459
ck_7367917891a63771,0.7349765736402526
ck_4b31a8862a857e6e,0.9687920146669384
ck_81429c4910ca46cd,0.30996129557954777
ck_b35d803568f82d9a,0.6683642289672032
ck_4b00e75c2d2d0522,0.07785699735180282
ck_77fced07f6dff42b,0.4095335098798126
ck_3c9a06eb07c300e4,0.4271338358117743
ck_b3867f7f494db64c,0.01588918313302098
ck_0c45e54897ab34e2,0.7463841922998575
ck_507a6a580ab55c76,0.44013037278468115
ck_291bffc7809f896a,0.2358525157873294
ck_3753cc5b9d02e2fd,0.17249949073130982
ck_4f63d5245b3ac1dd,0.4642900794459157
ck_9dfb2ae78659240a,0.39197392544306375
ck_90f6f5ced708aa75,0.057934406192707275
ck_8b5b5a6b5539e39b,0.9710327969036465
ck_4719112b55d20161,0.6675493990629456
ck_fec888a7108ca52d,0.9991444286005298
ck_4f5d022c99f118b7,0.825952332450601
ck_e967ff05514b697b,0.7143613770625382
ck_839ce35819bfa4fc,0.10360562232633937
ck_bdee1221b9addff8,0.24514157669586475
ck_9cde4036d0914427,0.5331024648604604
ck_5ac959cbcc5e98f3,0.03707476064371563
ck_619842688294dabc,0.3005907516805867
ck_7373d7b04c7799bd,0.6154817681808923
ck_c1dd3feb9a0b6471,0.560765940110002
ck_0324a4812ec319c6,0.5378692198003667
ck_7f3685aa2933b251,0.8575269912405785
ck_06aee5a62a67a84c,0.8719087390507232
ck_3428910b44b9d08f,0.5097168466082704
ck_c3ba7534cefc1de8,0.15172132817274395
ck_1f1273a67cbad5e5,0.9609289060908534
ck_124565a11b2f8bb8,0.3296801792625789
ck_38e46bc861e0165b,0.6246486046037889
ck_c8ad3f01319c065e,0.7167651252800977
ck_3f94a34f5038f7c1,0.9476879201466695
ck_cee56be5a502fbd1,0.8669790181299654
ck_2b90b76cf4d162f9,0.5215522509676106
ck_884b2e463ff1d54f,0.3223059686290487
ck_fab4f2f8531b4827,0.5868812385414545
ck_4fc6256e0e60a926,0.6020778162558567
ck_0a2f8b2f8a5b6f02,0.6734569158688124
ck_9c0deab8a8367c5e,0.06486046037889591
ck_d3a2a4c011fa2554,0.25178244041556325
ck_4108b4038f762817,0.7662253004685272
ck_4df036e2aa7e1056,0.4543898961091871
ck_ec094eb1cbb3efc5,0.1577918109594622
ck_09f8f51bfd2492c6,0.207455693623956
ck_b60fb9a10d6f4489,0.6510490935017315
ck_3638bc3388dbc1bc,0.8597270319820737
ck_7a58e0cc9943c39a,0.35155836219189246
ck_37dab6a0a536ed49,0.7571806885312691
ck_adc576690df5b33b,0.6436748828682012
ck_1383b2b1875000f2,0.16198818496638828
ck_43c1248db37a2eb0,0.0666123446730495
ck_29c11bd68858e923,0.03984518231819108
ck_9401f9e11f65337d,0.6375229170910572
ck_ce5ed372b1a2ed6b,0.6161743735995111
ck_08b4619490e751a8,0.9726624567121613
ck_44b9125526acb05d,0.6275819922591159
ck_ef1a1de20d2124cb,0.7981666327154205
ck_e5e2624b7fc89774,0.7551436137706254
ck_f5100511609b92c0,0.009085353432470971
ck_64f3bb17101b7c42,0.35942147076797715
ck_ea1e5b5128ecba2c,0.34459156651049094
ck_516163fcf04d5e77,0.5670808718679975
ck_7f9a748110d70005,0.19217763291912812
ck_d263b55f0a681cce,0.6098594418415156
ck_0e962eacf98a813e,0.13900998166632716
ck_0406931800e0e2e6,0.1705438989610919
ck_0e9b982afc88a3a9,0.9878590344265634
ck_8bbb625384edebd7,0.023874516194744348
ck_5eaeb87bf6207406,0.9751884294153594
ck_cc3318839c4b0745,0.1514361377062538
ck_08a0355d1f1890ef,0.5527806070482788
ck_af7ffd1a822460d3,0.9159095538806274
ck_2a09c7aa870edb6b,0.12259115909553882
ck_bc04f51c23290bcc,0.16756976981055205
ck_d3a8333cb389f4c6,0.35481768180892237
ck_88e3dd3039508332,0.5913628030148705
ck_b8c7771de9b57705,0.29843145243430436
ck_585ababa02383b50,0.24579344061927072
ck_e988c108754cee9c,0.2701568547565696
ck_4a691892d9d6cf89,0.3630067223467101
ck_7cdce37d895eefb8,0.3248319413322469
ck_483fb981a1fb4317,0.20737421063353026
ck_c1e5182bd99e0e35,0.9049500916683643
ck_9a1e3ec9a1839939,0.2641271134650641
ck_5c3f13de0dbd5086,0.7054797311061317
ck_f4f6f0caaab70040,0.4796088816459564
ck_791be3378dd7d64c,0.40733346913831736
ck_956dd784525f5886,0.751395396211041
ck_098167eaf124c279,0.6058667753106539
ck_33ecff7914349ebc,0.5088205337135874
ck_e05d44e46c7174e6,0.3947850886127521
ck_1b2ce474fa6582b4,0.6096149928702383
ck_ab581082e8f72e3d,0.12947647178651459
ck_e63256667aa19070,0.7357914035445101
ck_f568772b6cb3febe,0.4670605011203911
ck_dd89a282375bbab6,0.9101242615603994
ck_a39d0bca345b492d,0.3005092686901609
ck_d12d2924d0f7a64a,0.251537991444286
ck_6a548da1728b5823,0.9826033815441028
ck_6d64193681d2a94f,0.5960480749643512
ck_ced6b6dcdc7c201a,0.3680586677531066
ck_d1b0699d26282871,0.7314728050519455
ck_58f757e40a9b8877,0.818781829293135
ck_3272c2c4a37d5220,0.9352210226115298
ck_d94dfde9e03c9d1a,0.41409655734365447
ck_08a6d4903a7fbaca,0.3394581381136688
ck_6c72a36b05fa0f4c,0.6570380932980239
ck_dbb4bd4eda97255d,0.40928906090853534
ck_94b59bbc824b307a,0.1621104094520269
ck_0229a07185f15469,0.2704013037278468
ck_11bf1039f8b3025b,0.2934609900183337
ck_36789ca11459131e,0.8131187614585456
ck_8572c5f5c1447c62,0.5772662456712161
ck_9e75c6641939f4fc,0.7898146261967814
ck_b45e47c39d4dc7bf,0.4873497657364025
ck_02903c48b6cfd65d,0.08017926257893665
ck_b153386f1729de81,0.3168873497657364
ck_36979996f33498f7,0.9367284579344062
ck_3c02d4dbbf6716b6,0.49297209207577913
ck_66c9a19963957531,0.8093705438989611
ck_bae8dae7cfd8baba,0.37017722550417603
ck_bba0ccc6cd968680,0.5697698105520472
ck_3267fe3aac05c71e,0.5682216337339581
ck_40052cac10562cde,0.5386840497046241
ck_d973444855403e2a,0.31468730902424114
ck_012519bb095ad36b,0.9928294968425341
ck_ad7c256ea10c4a00,0.895294357302913
ck_70a60e095e9b706f,0.05390099816663272
ck_f2734417c0db4ee3,0.1008759421470768
ck_9cb89cc3178e0172,0.31476879201466695
ck_779cc0f2de4d5488,0.8431859849256469
ck_35f8656bf93e3b3d,0.5276838459971481
ck_bdd8eba728800e29,0.6503157465878997
ck_002cf760d173f0f8,0.5372173558769606
ck_b046067c6ca3831e,0.12418007740884092
ck_a4a42d4bff8af645,0.1449582399674068
ck_bce253d2396681a1,0.3809737217355877
ck_00dafc060c8de32a,0.7185577510694643
ck_968a99e097ee78c9,0.8286412711346507
ck_66949171b387bb93,0.5066612344673049
ck_ad305286702b1958,0.23023018944795273
ck_4732da7e0d2dfc7c,0.2816459564066001
ck_17a95bba77217d85,0.5926665308616826
ck_3e2516a3e35067e0,0.18741087797922185
ck_0b615ed566da1f58,0.6458341821144836
ck_d2b3ce1ebabe9f93,0.6208596455489916
ck_a892252e4e0c2828,0.10804644530454269
ck_cf606fd6ebfdf9bc,0.15127317172540233
ck_718865237134ebe8,0.13786921980036668
ck_878522cb775b904c,0.779262578936647
ck_9ed53de6ef779ae0,0.21861886331228356
ck_3f16e2cd7e6874cc,0.3179058871460582
ck_3c59df37895ead2d,0.4270930943165614
ck_6821459b626d492c,0.04713790996129558
ck_11c7667920541587,0.23291912813200244
ck_23a016cf6b98d89c,0.6158280708902015
ck_7137eeb394d200f1,0.7111020574455081
ck_9c4886c5c90ddbdc,0.20073334691383177
ck_1422a7bf7756294d,0.9816255856589937
ck_7ebc5fa7f0d3b8f2,0.34275819922591155
ck_fcc2059a8d5c41fa,0.8713790996129559
ck_00ff7389d6a83e29,0.8752088001629661
ck_03129b41457795d2,0.6532083927480139
ck_38ba64efa7c38250,0.6954165817885516
ck_57a6b56b09bff24e,0.2541861886331228
ck_e3b3c5a80a567418,0.4477082908942759
ck_fc40a16adfced018,0.08763495620289265
ck_9d4b5e6b43bad4d8,0.7315542880423711
ck_61129937ee466b49,0.6798940721124465
ck_74112e47b8629c2a,0.796088816459564
ck_b4703ee97f94d7fb,0.5529028315339173
ck_e560f720a988d8a2,0.93550621307802
ck_708fea345f68037e,0.24196374006926052
ck_25394c1b83e0b803,0.7782847830515379
ck_17ab24fe914ae44b,0.06266041963740068
ck_16c501470d9bb006,0.17029944998981464
ck_628f449e248c19b7,0.6434711753921368
ck_6d64190623dea714,0.20195559177021796
ck_504a45ee08db72b6,0.4215115094723976
ck_6cbb011e0c70bc7c,0.05720105927887553
ck_b3225a98acd04f83,0.20415563251171318
ck_aa37993f1c17cd1e,0.8387451619474435
ck_558cfe5f77a55a9d,0.30136484008963127
ck_0d0a1a021efea5b6,0.7931350580566308
ck_daf7aea023b7a8f6,0.41262986351599096
ck_d75f25184ece2b51,0.15310653900998167
ck_466d4b5366c50b98,0.1208392748013852
ck_88f27ab479063852,0.792544306376044
ck_66779098e78c1760,0.09203503768588307
ck_b150fe4efb449b05,0.20672234671012424
ck_9c3aa9f23d01fa1c,0.13868404970462417
ck_6a01c375fc26705a,0.14984721939295173
ck_002eb6552b504ea1,0.27924220818904055
ck_affa5aa0bff9bb0c,0.4992462823385619
ck_027614eeba8b1a4b,0.32405785292320227
ck_67e075c982add719,0.44974536565491957
ck_399b0d510be98bd2,0.7559177021796699
ck_e9b0bca7368555ef,0.10503157465878998
ck_59c29d9c57b4f994,0.9026685679364433
ck_37176850ed68831e,0.21955591770217966
ck_a0db4ccca08030c3,0.9391322061519658
ck_aa188e5c25f7f42a,0.45414544713790994
ck_7de6997178207800,0.0398044408229782
ck_c729d19053387be9,0.8308413118761457
ck_f2d3e3d90608596d,0.8822163373395805
ck_2db3fb565e0211ee,0.10385007129761661
ck_bed8a480e27e911e,0.7232022815237319
ck_d7ad9921a4d25926,0.6599307394581381
ck_2a59f23fc5194699,0.7934813607659402
ck_63601a58a6120d8a,0.5297616622530047
ck_efd7b9e22c6317d6,0.5005500101853737
ck_9ab42875a0f95b43,0.8385414544713792
ck_85cb5033fca7c846,0.5543695253615808
ck_5249b223000915ec,0.7527398655530659
ck_3efb0e9bf25612c7,0.1998370340191485
ck_678e74532ac19700,0.5968629048686086
ck_a980b296c95153f9,0.4652678753310246
ck_01ac687ce0d696a7,0.5697698105520472
ck_52e1418cf1aa9871,0.5679364432674678
ck_7d28da4f1dab09ee,0.7962110409452027
ck_010d0c2e6c1657fd,0.7471582807089019
ck_b524f7a2e752b9d0,0.3678142187818293
ck_cc447fcc24a0772b,0.9012018741087798
ck_2cb3c99845e572da,0.11493175799551843
ck_604c710141327a81,0.13685068242004483
ck_8d5fa65717d2e0c6,0.41857812181707066
ck_31199510b40602a1,0.42717457730698716
ck_49e253ea12f4e922,0.8127928294968424
ck_780738e0d71e7e43,0.48013852108372373
ck_2cd21137a07fdd7d,0.21022611529843144
ck_5e021f2a3b66e256,0.6943165614178041
ck_efbc79246e32c66a,0.626604196374007
ck_9951bd806c13c7fd,0.6065593807292727
ck_7a52674e2806d8f5,0.604237115502139
ck_1a319e509f1efa1a,0.07174577306987165
ck_c920901b9a4ba993,0.9695253615807701
ck_b71279e807d0b3a7,0.2985944184151558
ck_47e1032f490bb018,0.3252393562843756
ck_192579ecdca7ff83,0.43768588307190875
ck_b1496c474c4a3239,0.1489509064982685
ck_5e68ea2c5e893cf0,0.8309227948665716
ck_f2ecab85d4693b4e,0.08095335098798126
ck_89d7bfc81c3df597,0.4021592992462823
ck_7929284327667791,0.8480342228559788
ck_494ec63c5ce8e150,0.24872682827459766
ck_319b059bb2145586,0.6001629659808516
ck_ccb3767c239018c1,0.30299449989814625
ck_a1c7adfe26e09a8c,0.5312283560806682
ck_0e13c4f73818149b,0.4339376655123243
ck_c285a51ed6214f52,0.7383173762477083
ck_916784595f028226,0.8471379099612955
ck_6cd8e0196365c474,0.40688531269097583
ck_57b657aba4daffde,0.7390914646567529
ck_562c76a3753fc7da,0.9360358525157875
ck_66cfc1ebc9a513c8,0.08938684049704623
ck_0f38d4aed68d7d24,0.8809126094927684
ck_d8ddf5e99f7859e4,0.22509676105113058
ck_41bc3efa0fca700e,0.6994092483194134
ck_40799e129fcf42c5,0.9004277856997351
ck_786f079389126e44,0.5380321857812181
ck_bb4c6b713eb0b978,0.7543695253615808
ck_4f01f7eac0efaba5,0.19168873497657363
ck_47d29c01b20cf69f,0.43365247504583415
ck_bf15a1f8d67a30d3,0.2938276634752495
ck_bfecad7586f65e4d,0.7358728865349359
ck_fc9f16df35190eb4,0.9241393359136281
ck_c09c914e416edd08,0.6180077408840904
ck_c54c5d8e4433b0f2,0.379914442860053
ck_1694c28f44480e98,0.5848849052760237
ck_1dcaa3078dbb7571,0.05821959665919738
ck_af559f990c640e41,0.34463230800570377
ck_9b436162039a77d0,0.7116724383784885
ck_79d62ef181bd0cd8,0.25695661030759825
ck_23caafc2cd34242c,0.5626400488897942
ck_ffe2aa26f597e552,0.3597066612344673
ck_e6ffd0754ac08661,0.09692401711142798
ck_beaacb4a783db21f,0.4404563047463842
ck_9863bff41d24ce9b,0.47887553473212463
ck_323b9cc5c49f8ea0,0.7166429007944591
ck_ab3de3d3e41c2082,0.42733754328783863
ck_35c93b2924900376,0.1997962925239356
ck_5a9d5f9901e37e31,0.5227541250763903
ck_782b0be796164335,0.21515583621918927
ck_11960b5f1c7a5e2c,0.19454063964147483
ck_9a66cb13a9884cc2,0.5439804440822978
ck_ba666a425930615a,0.061071501324098595
ck_40140bef4db73741,0.6969647586066408
ck_e05e91cc180063d4,0.8490935017315134
ck_c7f6f45710bc050f,0.3899775921776329
ck_055fb9f2e1c8c934,0.692727643104502
ck_58bb02d98e2b9cd5,0.7329802403748218
ck_d9f8efa6a7800f76,0.4145039722957833
ck_69691226c68fd50b,0.9148910165003056
ck_6f2f0396e5b1c538,0.9781625585658995
ck_78bc3f1d0f35ea6c,0.3045834182114484
ck_2d5a6b6636a2596b,0.2174373599511102
ck_7878545739af0a73,0.08148299042574862
ck_03c4fa4f3ed3512e,0.06445304542676716
ck_1a9e51d092d62c84,0.9203096353636177
ck_9f3861940d8d873c,0.5446323080057038
ck_4684fdd61c6a0fac,0.4972092075779181
ck_715966f86d5c913d,0.22069667956814012
ck_77f293d44b4a3d2e,0.7854960277042167
ck_24dae044dc05f849,0.687512731717254
ck_00b9818e2064405e,0.8585455286209005
ck_c1c2cb49c3c1b0f5,0.9062130780199634
ck_bed50fc64fbbf8ec,0.1887553473212467
ck_4f6ed5ea5ab7c429,0.15074353228763493
ck_458531c22ec2f9b3,0.38288857201059273
ck_51c50c4c443df31a,0.9476879201466695
ck_732d45bd578dc39d,0.39376655123243026
ck_783fe5bc20cd02db,0.7176206966795682
ck_7f188aaa63d1d442,0.2772051334283968
ck_ef307a6aee38d1fe,0.9601548176818089
ck_e37196b20968b73c,0.6487675697698105
ck_4ef9de711c3d93b1,0.7582807089020166
ck_17946516d5df71d7,0.5062130780199634
ck_3534be0f4efd313c,0.4570380932980241
ck_29fbabf855cabdff,0.11032796903646365
ck_191673540d8486af,0.5082094112853943
ck_5f52728d777ff2c5,0.3913220615196577
ck_a045a19369016818,0.9961702994499898
ck_4eadbe7298b15e96,0.39547769403137095
ck_a3a0bd59729fe619,0.22452638011815035
ck_a1e77090b1c6ccf4,0.38007740884090446
ck_69ab9d4784eb77bd,0.5421063353025056
ck_baa47383ffd50f04,0.4088001629659809
ck_e35b2ed08b9e55a7,0.3960073334691383
ck_b6e3af0a5119d9a0,0.8081890405377878
ck_a7c1dabf3869772f,0.8130780199633326
ck_80b8fca67a14e0be,0.9339987777551435
ck_dd9c5f0c42878e67,0.18459971480953352
ck_41ef7967faf5ce82,0.20403340802607453
ck_a93560aa348d6225,0.7672030963536363
ck_ffe91d6f0bd93fc6,0.8264004888979425
ck_fbf630c960194033,0.5926257893664697
ck_497ed60723283c0b,0.7194540639641475
ck_2a46b7ca55239413,0.2968832756162151
ck_1a4e5ace078dd782,0.6820126298635161
ck_616cc31910f5de50,0.21682623752291713
ck_0d65bc749eb42710,0.5757995518435526
ck_2408db62e4395ccd,0.4384192299857405
ck_5d7721930106dce8,0.5555510287227541
ck_e8a6acea22b20312,0.9254838052556529
ck_e2f792fae128b18e,0.8586677531065391
ck_e6d3ce445b86003f,0.21307801996333264
ck_263334d722ecbc97,0.9430026481971888
ck_8c5b29f6666d4874,0.6741902627826442
ck_7ea0bf310fc20c7b,0.9633326543084131
ck_54d463f7fd89ec3d,0.8744754532491342
ck_79e45040dbdd6447,0.7052352821348543
ck_60b4d59953505682,0.9542473008759422
ck_fb00dd5021642507,0.5874923609696475
ck_f409ff994a210601,0.8297820330006112
ck_2ca0020038bfec58,0.8811163169688326
ck_adf84b9df54c3d80,0.5643104501935221
ck_942dbf632591b65d,0.7013240985944185
ck_454a7e4d859a3409,0.014015074353228763
ck_2139062d4569aa07,0.38484416378081077
ck_e949a0f4df0b3902,0.840497046241597
ck_bb113e3e6716ed65,0.40277042167447547
ck_6a28ea6ce69cb869,0.8891831330209818
ck_7df9910af2bba21b,0.16488083112650234
ck_78aa4b731cbfe251,0.19054797311061317
ck_5839f5cbd8165b1e,0.7929517213281728
ck_7158ad9e58769ffa,0.8523935628437563
ck_acee218cbe61df69,0.6259930739458138
ck_f8dc8473c2772729,0.8293338765532695
ck_f34c93a8173555b1,0.7521694846200855
ck_7cf301d075e4e709,0.35542880423711554
ck_b87e88ee5512ea17,0.6994499898146262
ck_bed0c020b10afa3b,0.3295579547769403
ck_ca10102961f99eb4,0.06591973925443065
ck_393287947b5c8d79,0.6044408229782033
ck_2fe6cac002142f67,0.7291097983295987
ck_79c7f0d29b1db1cd,0.6465675290283153
ck_c735b643d3cbf67b,0.4030148706457527
ck_ea4332c8fe48e2a3,0.4363414137298839
ck_d39864119cdd460f,0.306335302505602
ck_3b963d6be2773861,0.17746995314728048
ck_df39e3b8a9fd0bfd,0.9231207985333061
ck_6236a461dc0d11a3,0.13628030148706458
ck_475ebccca25e30d1,0.7548176818089223
ck_c10c8bcf5bcd516e,0.8764310450193522
ck_49ccc3716a564256,0.5966591973925442
ck_4e4f99102f6938cf,0.16443267467916073
ck_a97b481ade6f7972,0.6960684457119576
ck_3fa559c679751b3a,0.5632104298227745
ck_3eba1fd2c7acc4c0,0.9224689346099002
ck_18c179b4afc4fccc,0.5628437563658586
ck_cc1c0b93d05b7d20,0.8535343247097167
ck_742f7c28ddd019e8,0.677490323894887
ck_04470bc93b8a0d71,0.585740476675494
ck_6e8f8ef7a03cc6bf,0.49040537787736804
ck_eb1ddfc353b4da83,0.13554695457323282
ck_98831b57c7ca2e4f,0.023874516194744344
ck_a6c7b8d6e8596d4f,0.5026685679364433
ck_cd7d24e3b095e96e,0.8864534528417194
ck_3f5ae4673a9f858e,0.33135058056630673
ck_05f375fc8ae0afb0,0.3932369117946629
ck_1fc98436281ee39e,0.06404563047463843
ck_6c48c58678f64bae,0.06547158280708902
ck_8c95aeec6a4c75b0,0.3745773069871664
ck_364cde38958b7af3,0.908250152780607
ck_85bf21aa1a00452f,0.3251986147891628
ck_796d3eaabc667c23,0.9904664901201874
ck_ac449ee0c315edde,0.15298431452434302
ck_6f9fd15ac6b163de,0.22758199225911593
ck_4087065be2a45ad7,0.9277653289875738
ck_ecf006bbc78ee3eb,0.9186799755551028
ck_8ca808cc5a49cb5c,0.6048074964351191
ck_94b90ab8b2dfb50f,0.6182929313505806
ck_59fd11b3232de9dc,0.9740476675493991
ck_67f3794d93e2dd67,0.8912609492768384
ck_b7f5acf5df1bb13e,0.5538806274190262
ck_fb04ecbaebb774bd,0.3388877571806885
ck_68ef3e7301c621b7,0.36154002851904665
ck_41406cfa209b6bda,0.10629456101038907
ck_b0f8f5408662337b,0.15942147076797716
ck_0d2901bfe585c391,0.8869830922794867
ck_3398551e81dbf3db,0.85060093705439
ck_61c3e3e277629646,0.3389692401711143
ck_2825e34dd3e7ea2a,0.11599103687105317
ck_20d7571ba830009d,0.7946628641271134
ck_c98b16f9a72a6568,0.019637400692605424
ck_e7c8a9e4641eb9ed,0.02957832552454675
ck_254a7c97c36dab8d,0.6118150336117336
ck_e98429675b46272b,0.38529232022815235
ck_c2fc0ac460786d02,0.866775310653901
ck_fba15647b3a140d9,0.32748013852108376
ck_15ce50f2704227be,0.49390914646567535
ck_8c748aaa4a4554f9,0.4633530250560195
ck_e00e82a9419ff086,0.7321654104705643
ck_832341c98254bd84,0.29598696272153185
ck_27466468d06db4eb,0.8101446323080056
ck_9d7b9e3ff1f3e71e,0.3090649826848645
ck_42c6973d3a6fe983,0.015155836219189246
ck_877c85bad118bc62,0.6895090649826849
ck_75d2a2715259c4d7,0.7947850886127521
ck_37d3e5c681a2214d,0.9002240782236708
ck_bf285dd49f372de4,0.4693012833570992
ck_a5bdd026fa9c50fd,0.18472193929517214
ck_88d9244a9cf7a77e,0.936443267467916
ck_5881b174e49b04ee,0.14202485231207987
ck_5b16d67c5ea89930,0.705683438582196
ck_b75b936aafac56b9,0.26204929720920755
ck_aed2681e1646a0df,0.7126094927683846
ck_f63cb5e8cc702bad,0.354939906294561
ck_1805fcfc4a9e4ffa,0.9655734365451213
ck_25c355da356c730d,0.5073538398859239
ck_70396398e4a96449,0.33697290690568343
ck_0f743bd13373748e,0.6646567529028315
ck_4b387765f0e916cd,0.19348136076594008
ck_e971faae8a10a260,0.26143817478101444
ck_9eb08369e983abfa,0.03544510083520065
ck_c30c5844512e429f,0.7306172336524751
ck_59e77e3a81f1fa0d,0.5431248726828274
ck_ca4465f2b5c1a52e,0.990914646567529
ck_c89b9ca398402f1e,0.07773477286616419
ck_36e72ef9273e7a95,0.29586473823589327
ck_2bdd8616870e5e1c,0.01267060501120391
ck_216e87a41de22b5d,0.8512120594825829
ck_60f4fb44f5efe3a0,0.05280097779588511
ck_05652e8ace6ce6cb,0.5513139132206153
ck_8c136dc691e65695,0.0014666938276634753
ck_a08f8dfadbdca112,0.5313913220615196
ck_bda4041a3e90d860,0.24925646771236504
ck_15dd3ecaa8ce0245,0.9468730902424118
ck_3e3c64b3b7876ce6,0.7203911183540436
ck_46225858a38b2e57,0.33733958036259926
ck_0cb9f54928f4feee,0.49105724180077404
ck_152671fbf8a9a78e,0.7229578325524547
ck_ee7a515e87d17d4e,0.47154206559380735
ck_f7276091bf513d22,0.025626400488897937
ck_4f05daf1cf0d5755,0.6647382358932573
ck_83a69c4a5d55ef19,0.6635567325320839
ck_c50fed2a7c9198c0,0.407129761662253
ck_70d19d5650ddc8f5,0.28959054797311057
ck_4b4d99e443618904,0.3133835811774292
ck_dca0b6ca93311ca2,0.8829089427581993
ck_b7431d4706461ec6,0.295946221226319
ck_7b59d22cadef3b05,0.8706050112039112
ck_53428573abcd606f,0.7091464656752902
ck_f538ab6aecf2adfd,0.034100631493175805
ck_d321249fb065d2fa,0.8484008963128946
ck_72fdfc7e6d8e1436,0.13509879812589123
ck_b52b99dad89ecdfb,0.5107761254838052
ck_d2d4282f9d256b3e,0.20305561214096554
ck_c8f2a1dd8a6141a4,0.13432470971684662
ck_8d38747058d0aeea,0.9324506009370543
ck_3ac528caac74f563,0.4543084131187614
ck_8dbaaa00ad829ca9,0.6425748624974537
ck_7c38ec898f0fc21d,0.28062741902627825
ck_8171ef803f5ff604,0.5918924424526381
ck_01a750db6fc1168a,0.8640456304746384
ck_ceb017baa26e98c8,0.8364636382155224
ck_e2c66c72cc0b0f78,0.8666938276634752
ck_8d9518f64b222416,0.286209003870442
ck_804c5a1fa5753617,0.30625381951517616
ck_fca7cc9c42695453,0.20118150336117332
ck_3a632cdf2c19051b,0.7351395396211042
ck_b2b63ea65edf1dde,0.753676919942962
ck_27b07021500ee841,0.5870849460175188
ck_9724718fe64c6557,0.9833367284579344
ck_2786cbc3e75ec034,0.8935017315135465
ck_d9c2622cb6df380b,0.6209818700346303
ck_ae1da8ee98e402a4,0.46506416785496024
ck_62967b91504149f9,0.3515583621918924
ck_6b255bf68709109a,0.38867386433082096
ck_c55afc68421d85e2,0.3905479731106131
ck_7c7266f6ef2a8466,0.48506824200448156
ck_885cf685a9541190,0.96952536158077
ck_1a4bb7d3d2ee3227,0.5742921165206764
ck_b4911c42f3bff740,0.018415155836219187
ck_66f9f78d4c6a3edb,0.6655938072927277
ck_49bdba9ee1899dfe,0.42489305357506624
ck_79b235d51718435d,0.48812385414544723
ck_d840db8cfe2ef6f1,0.0765940110002037
ck_610c7bcc1cd7ecb0,0.39580362599307395
ck_cf49b6544aff6c50,0.9435322876349563
ck_de05f97c3d40dd1b,0.72218374414341
ck_0302f67d75973dce,0.5249949073130985
ck_54c2604c9ca6256b,0.6904868608677938
ck_a1c88c0568f142d0,0.8999388877571807
ck_5d72ff6cc2963d1a,0.17302913016907723
ck_0446920a1004c596,0.005051945406396414
ck_71044c29ef071570,0.49024241189651663
ck_2122e9bb1afffef7,0.39641474842126706
ck_d1e3de178601d3c2,0.5921776329191282
ck_bec8324a3587ef04,0.12104298227744956
ck_b616b6f45225f319,0.7201466693827664
ck_ce1e695884511479,0.5863108576084742
ck_a662b4bf900781e4,0.007903850071297616
ck_b5a84c5547378c10,0.24925646771236504
ck_f80af368cfc6cb7e,0.5658993685068241
ck_da3526ab6c5c884a,0.48258301079649624
ck_bd20be9a3392d79b,0.14650641678549606
ck_b8266dcd90cbfa62,0.29908331635771035
ck_ac84b33304362c06,0.4084742310042778
ck_794d8935a895e33f,0.5914850275005092
ck_8fea7d915259f1be,0.2820533713587289
ck_7a1519ad5ff45312,0.03177836626604196
ck_9bf3ce30b65f75c7,0.8191485027500509
ck_5f864d72d1eead99,0.7299246282338563
ck_3c48e0cfc2a58041,0.9508657567732737
ck_d902183f80cc81fa,0.49594622122631904
ck_539cb0d117db8cd3,0.8908535343247097
ck_28f530aec8e77130,0.7723772662456712
ck_e7d903c50d353361,0.7076390303524139
ck_d288b77d1e227970,0.7979221837441435
ck_017208fcc01b5d40,0.2794051741698921
ck_7e3923d278a5106e,0.6179262578936647
ck_9700a00ff9e66216,0.7879405174169891
ck_5c36c78b7a4d138c,0.6838459971480952
ck_c457e9c9224b773d,0.4097779588510898
ck_1dfa91405d7e66bc,0.8242411896516602
ck_f1d8a2695a575e56,0.2585455286209004
ck_3b92a46daf8d00d2,0.3821959665919739
ck_aab23b5470469649,0.42538195151762076
ck_ecdd01a391610d99,0.1230800570380933
ck_abd3aa292f8edb4d,0.7775921776329191
ck_7fc9a0776e1339e3,0.1230800570380933
ck_c0389ebeb0e65cb8,0.08844978610715012
ck_48d0fc4f6a2109fa,0.9985333061723365
ck_571dee4f3336c7ce,0.4655938072927276
ck_4cedf26628c84f26,0.8144632308005704
ck_63356762d24aab81,0.5463434508046445
ck_2c5bc11bb7ae5d2c,0.97335506213078
ck_6d26a152f900fee8,0.1433693216541047
ck_c972b0e781efed3b,0.3365654919535547
ck_fa0ecbcf9a33d6ce,0.2274190262782644
ck_fa3a766e49dc77ae,0.13917294764717864
ck_7baf1e55db0dc558,0.5261764106742717
ck_e8bc49e6494c1f37,0.05133428396822163
ck_8ef1d05cc1e53e7e,0.6446119372580974
ck_cef2a485a77e0723,0.10018333672845794
ck_228a583f23abff48,0.458993685068242
ck_ac32c6e374782b27,0.7693623955999185
ck_b9485218cef413f0,0.19498879608881645
ck_7f15503048915d6f,0.183458952943573
ck_b62f5144db15ad34,0.8233448767569771
ck_917d82c552f95a23,0.4730902424118965
ck_fb4797045077bc6d,0.1597066612344673
ck_2cf8a44e041217de,0.6763903035241393
ck_b7dd681eb3d2ee38,0.14231004277856998
ck_e9e8cacd2fa35e79,0.5033611733550621
ck_342a79f91de5d1fa,0.6365043797107355
ck_2c91f62c05685ed7,0.6798533306172336
ck_e30cb64302939f38,0.808148299042575
ck_d0e95b90ba86da10,0.3280912609492768
ck_1774faf414a5d49d,0.958851089834997
ck_2401e8ff89e574fd,0.9582807089020167
ck_0cd8802264e0a1ef,0.5036463638215523
ck_da84a0dfe947fd3c,0.31236504379710733
ck_c8affb27ba7fb5db,0.7768588307190875
ck_bc7ece8787ca7200,0.3664697494398045
ck_469a0578d05990c2,0.4430637604400081
ck_eef67f8dea702338,0.7584436748828682
ck_4f490e379e9ded9a,0.42538195151762076
ck_354379de065a8ff8,0.18912202077816254
ck_5db1cb368bc41ac3,0.40904461193725805
ck_9b1c3742dd6fcb8b,0.48103483397840696
ck_63ce4f44c92d7143,0.5561214096557343
ck_e15e3390f5ed45f3,0.4406192707272357
ck_da645ea91d66aa6f,0.9295579547769404
ck_834ca727df855f07,0.8004481564473416
ck_e1d5ad20c737c745,0.889427581992259
ck_ff8059ae5fa5f1ee,0.030596862904868606
ck_8bb9e75393954a1f,0.17714402118557748
ck_4e1757d1347ab387,0.9885108983499695
ck_af3f74b1d75a5d95,0.7590547973110613
ck_6b1ab0742ff04c3e,0.6934609900183337
ck_f56073911c9f1ab7,0.14960277042167447
ck_51bd5f69b4fe0b92,0.9475656956610308
ck_fc3d95030b81f416,0.02171521694846201
ck_cf78169633a1600f,0.6206151965777144
ck_ad7269eaa65c67f9,0.40586677531065385
ck_cc6d33890d47a6cf,0.7128132002444489
ck_bc8f31f4a2ffa1ae,0.19221837441434103
ck_720776a46e56dfa8,0.6253412100224078
ck_e2d1f212f259539b,0.41173355062130773
ck_eaf6f7082c3db2bf,0.6973314320635567
ck_773efe58c6278c3c,0.6250967610511305
ck_c4a72c09f2fdacc4,0.4242411896516602
ck_8982888dd6611143,0.1202281523731921
ck_9d5049e195eda029,0.46799755551028727
ck_de58ef6f9fe2b546,0.3430841311876146
ck_c0b50c11e4f5adf7,0.7373803218578121
ck_ddaf228487858bb8,0.8039926665308617
ck_eb2323215ff70362,0.6214707679771847
ck_168c96a1a636ea15,0.38085149724994904
ck_9c46711b14d9eebc,0.30613159502953763
ck_de8af660806b97b5,0.07321246689753513
ck_6ab83f45bf16eaa6,0.511183540435934
ck_bf2228a052815840,0.5787329394988795
ck_3f943f20a9da9bff,0.6281931146873091
ck_3baae40454c00938,0.31709105724180076
ck_bc2e771a1d8d2dee,0.8080260745569362
ck_e55f5ca37f30ce8c,0.4014666938276634
ck_4ad5937bef176d89,0.29826848645345283
ck_126531a9126c17c4,0.05826033815441027
ck_7ec423cb56257516,0.560806681605215
ck_54748ae0f2daaf10,0.6755754736198819
ck_ff24776280ceeeed,0.5370136484008963
ck_3c3a1a1365741bba,0.2517009574251375
ck_615277c8a4e2b18b,0.4335709920554084
ck_a96aaef34173aee6,0.8421674475453249
ck_bea56db7f3e930e8,0.09415359543695254
ck_ca491debd3b32a59,0.7230393155428805
ck_d9ea77f4114a389c,0.20961499287023835
ck_322ffda3332d08a2,0.7632919128132003
ck_c40ffefe4e30b001,0.8054186188633123
ck_3b1d7648d4580bef,0.24884905276023628
ck_23981a3261674131,0.4069260541861886
ck_11667f5b9fac7bc7,0.24469342024852314
ck_646bb3c7be5f0817,0.26233448767569767
ck_ebd0a45712dcf07a,0.5078834793236912
ck_baf43bf1bd963f9f,0.6305561214096558
ck_e0ca2c819658f6b6,0.9924220818904054
ck_f0d6633d0834fff5,0.7316357710327969
ck_91081be0254878a5,0.6163780810755755
ck_1325000bc7f35b5e,0.08050519454063963
ck_c624b9063400fa3a,0.8382562640048891
ck_0ad6fa0e23c3bd0a,0.7476064371562436
ck_6ddb55b1f23c6cb1,0.7341617437359952
ck_dce1fb3acd65562f,0.1361988184966388
ck_a9aa389688ee5aea,0.28849052760236304
ck_5c5284c45d9ad8bf,0.7822774495823996
ck_9ce743dd3e92549c,0.5662253004685273
ck_8342e08cc2f9bcb7,0.26115298431452433
ck_25e551a0a8d2fcc2,0.7690364636382157
ck_d4fd0e438c97e0c7,0.8092483194133224
ck_ac7fe1c344190c50,0.2822163373395804
ck_ddd65711b5651f89,0.06351599103687104
ck_ec7406cb5cbc8f10,0.26429007944591565
ck_1c65e8d5be3b9c60,0.9150947239763699
ck_38ee42f15a573e81,0.5826848645345285
ck_0e5385c70c6de025,0.36121409655734366
ck_d3137f0f7629040b,0.37543287838663686
ck_9129c92c12e0c8b4,0.0442452638011815
ck_c86520a00e50a926,0.7524954165817885
ck_87f82b2b5fee757a,0.3705438989610919
ck_643abfbd7548d0c9,0.8710124261560399
ck_be51f4e5e6b85768,0.7776736606233448
ck_132c16312f37810f,0.5409248319413322
ck_c78c096ca8cb33ac,0.028926461601140763
ck_2ce5afbc014763b8,0.5055204726013445
ck_50ed8f4e7ae6710f,0.24628233856182521
ck_5a4eb535c9a11993,0.37449582399674075
ck_9b665ef46d785324,0.21743735995111022
ck_e066f71f8b296b7a,0.26257893664697496
ck_560bc6017870ab06,0.27651252800977794
ck_fd78f8a8663646d7,0.537095131391322
ck_4af5ec61ddbde1a4,0.6501935221022612
ck_c2ed04a9d218410b,0.3601955591770218
ck_2455d43bbdd2bb69,0.47036056223263395
ck_56eed7041add49a1,0.9173355062130781
ck_5f0be7b468a72333,0.35999185170095743
ck_19660cec756632ca,0.2484008963128947
ck_fb90408f4892a21f,0.4857608474231004
ck_833a65b86a5d9bda,0.09590547973110614
ck_2ac36e1dff211d38,0.5443063760440008
ck_c00e70606904539a,0.16940313709513138
ck_ba8affe4b9505a95,0.9465471582807089
ck_0c3dd22587b08018,0.5461397433285801
ck_618c4e5cfae99dcd,0.7370136484008963
ck_c9690baddfc4177e,0.2800977795885109
ck_59fae092fb0c4aa3,0.5031982073742107
ck_e03b7d0fa0b28f4b,0.25809737217355877
ck_d451d24c780b5884,0.47997555510287226
ck_e980d325b8dbb8dd,0.13852108372377267
ck_cff18e2d8c520272,0.13322468934609902
ck_a0e46b67e986ab56,0.43972295783255244
ck_3a469039a5b9d963,0.5049908331635772
ck_12cbb211ebd2b437,0.7966999388877571
ck_b8cdd6d6dccc4554,0.033733958036259934
ck_794ba5921cef50c9,0.680057038093298
ck_2c7667f64edec2b5,0.19543695253615806
ck_7262b4e0c29c942d,0.29875738439600735
ck_5d818522cbfe2a54,0.8426156039926666
ck_de39c1947fb675ee,0.760480749643512
ck_c021495606b4735e,0.22342635974740274
ck_1fc03ba33edd9e67,0.7562028926461601
ck_a6fe344bbf67f14b,0.33505805663067834
ck_963762210edc5694,0.7841515583621919
ck_d064428b7e7dc409,0.19617029944998982
ck_59be61b53d971611,0.2608270523528214
ck_ec8738ec663cd2eb,0.31574658789977594
ck_59d086fab5998646,0.3774292116520676
ck_bd32dd3b2cbb7888,0.9944184151558362
ck_ce0166addb93bbad,0.11774292116520675
ck_7c0fdfbb447cdc04,0.43744143410063147
ck_cb1bd7635968ed8c,0.9131798737013648
ck_66f94903177f20eb,0.23243023018944794
ck_1d7cd5dcbcdafd7b,0.9350987981258913
ck_5e418a7c04437b4a,0.6149928702383377
ck_631ea1ae91ab333e,0.6145447137909962
ck_0a8029e79a5ae7ce,0.6799755551028722
ck_c4cca8278bdad9b9,0.2081890405377877
ck_4dec3df58077a257,0.7977999592585048
ck_609c249edd88c565,0.2076594011000204
ck_02e5f9cbbbf2f078,0.6268079038500713
ck_32e486859130458f,0.9656956610307598
ck_21ed2ea6386c5a07,0.033815441026685676
ck_1242aa4496576a99,0.19274801385210838
ck_475ea9aa6d3898b7,0.8233856182521899
ck_fe1b1adae3be70a6,0.9464656752902831
ck_c5414d7a8031d4f5,0.1306987166429008
ck_ca1f6f01868e978f,0.16304746384192298
ck_5eff0208c74ec714,0.5089834996944388
ck_a315c9619a317609,0.5526991240578528
ck_2b87683c90acb852,0.5667549399062946
ck_7cd9f39c50748ed0,0.393990629456101
ck_16a06d58d71935bc,0.833693216541047
ck_d116e0e7c19b878e,0.9106131595029539
ck_931510e384b1d0cb,0.6484823793033204
ck_e7651fb87bb24132,0.10495009166836425
ck_88ef9f85948e1a01,0.11089834996944388
ck_17bf38d51115a8f3,0.13465064167854962
ck_2659d1d3762a2825,0.364351191688735
ck_a7285955e2852686,0.6327969036463639
ck_f2c33d5b65b321db,0.6826237522917091
ck_83e5979334345622,0.5348136076594011
ck_629537d8b4d0f395,0.37131798737013655
ck_72022008a92c9386,0.7696883275616215
ck_2973b8274f0bf69b,0.7166429007944592
ck_565e3418d2f4061c,0.5152984314524343
ck_54bb53b8f8ea32ae,0.9956406600122225
ck_af0a6540ea7a36b2,0.27785699735180286
ck_888651bfc2c8cf70,0.22305968629048686
ck_1dedcb48ac381a1c,0.9091057241800774
ck_f73273e220296be8,0.5101650030556122
ck_8424bf65223a5a9e,0.10788347932369118
ck_337b930fd149a696,0.32189855367691994
ck_8a4952de8a123ef8,0.12731717254023223
ck_884168153c9c0c81,0.4487268282745977
ck_fdda581aec411010,0.06987166429007945
ck_2b7cadbc8b180d32,0.9608881645956406
ck_8aa8b9968233a1ab,0.18182929313505808
ck_0af18b3ce015d294,0.10511305764921572
ck_8dde670a735d1e90,0.8562232633937666
ck_62f46226f244139f,0.8439193318394785
ck_f948e8a8fdd79b4e,0.31831330209818703
ck_fa00aa0f3e859904,0.4643308209411285
ck_fc7935f784a4f249,0.26099001833367286
ck_e7501307c0698e5b,0.4481564473416174
ck_549ed417f2834cee,0.7220207781625586
ck_fb2a35571ec719d4,0.8310042778569974
ck_25822068c86c856f,0.03471175392136892
ck_8f35d229b62c8f23,0.3130169077205133
ck_bdcf049c1e7d0c95,0.13945813811366878
ck_0aa9db36eb16422a,0.13281727439397026
ck_42dcf92e9e016922,0.7814626196781422
ck_42341cf31c08c981,0.24461193725809735
ck_0b20bfc515ba42a2,0.7171725402322264
ck_0ec820b670d48098,0.05386025667141984
ck_1f0bafec397da8e4,0.8067223467101243
ck_82f07504ab59ed33,0.7505398248115707
ck_337b24a474010abb,0.9957628844978611
ck_703703bda38fdcf8,0.4280301487064575
ck_01e7960c63dca3a4,0.980607048278672
ck_be5bd81e3715cb8f,0.9566917905887147
ck_197f8058cea1fbea,0.032022815237319216
ck_eb3fb1106f2f1b21,0.8580973721735589
ck_658b4b54be09a4bc,0.9838663678957019
ck_266ce7ccf41ccc50,0.5156651049093501
ck_110608c3b03d4038,0.956528824607863
ck_1be8cb95d6d9bbf8,0.05353432470971684
ck_8e16a64a776afa82,0.9278875534732125
ck_34bd190d37eda534,0.8572418007740884
ck_4f521611ae14ae66,0.08409044611937258
ck_d839798f9520363e,0.8032185781218171
ck_d1bbfd246c0ac9d5,0.6680790385007129
ck_f19030e6e85a6776,0.8217152169484621
ck_cdabe60ab59f9d5a,0.36895498064778975
ck_bb84b2b30293f566,0.9346506416785496
ck_427b91925952cb40,0.34915461397433284
ck_1078b1e155b5b640,0.4593603585251579
ck_95fdc264eac72fa0,0.059319617029944996
ck_e35eb857c61548b2,0.9451212059482582
ck_69bd0b1abea7e1f0,0.8987573843960075
ck_59de511b20c842ba,0.6468119779995927
ck_168e7ea341a36b80,0.22493379507027908
ck_4937cfa6526ea138,0.713424322672642
ck_bb1a981306b750ac,0.826889386840497
ck_f42a43e4c3f34ccd,0.2296598085149725
ck_c7ae1d4b3ab38185,0.1895701772255042
ck_bd23cf9bba1dd33f,0.7544510083520065
ck_0fd826fad7ec7cd6,0.6105927887553473
ck_f143641bf3dd0414,0.8369117946628641
ck_ad6d48c20a3688a7,0.07524954165817885
ck_7bda5b5b927b2905,0.8860460378895907
ck_a337eb38eefdcc88,0.7110613159502954
ck_403da2a2d800df9f,0.8973721735587696
ck_aa01d5aafde73d0a,0.12255041760032595
ck_494954023f0eb309,0.6442045223059687
ck_1c6820fc38135ad9,0.6891831330209819
ck_0e0bab173622db9b,0.9130983907109392
ck_547090bf35a3b243,0.4530861682623752
ck_d69455220b21dc9b,0.12250967610511307
ck_90b4ac695b9c6bf7,0.15013240985944182
ck_8d2afe17c0082e6a,0.7094723976369932
ck_926b81c0ba528eee,0.3599103687105317
ck_ce36b0c287bd198e,0.7707068649419434
ck_8026e017909aaa6c,0.41356691790588707
ck_dfba788f35d4c372,0.13481360765940112
ck_f09f9d0e0886e0c6,0.27366062334487673
ck_4ffe0366df388604,0.63401914850275
ck_75bb521de55644c7,0.17103279690364634
ck_81a960fddf79ecf1,0.9895294357302913
ck_8f43459991ea511f,0.21764106742717457
ck_f878b68d66fbfd4b,0.1649215726217152
ck_e84abfc0c747c9dd,0.9622733754328785
ck_3ad3fd3cceb56b66,0.98313302098187
ck_7cf562578c7f158a,0.11982073742106336
ck_f81a97d350397306,0.7108983499694439
ck_255d87b7fb40caa5,0.5350987981258911
ck_b3905153b9eee924,0.31167243837848846
ck_2c80a592fb4cd6a3,0.18883683031167242
ck_57deb202d4188a29,0.23813403951925038
ck_e3cb5f31d8e94448,0.9784070075371766
ck_0db62d5f7f75f80f,0.724791199837034
ck_ced9163ea85589ea,0.7894886942350784
ck_e16528edc694fb33,0.973436545121206
ck_78cc5ec4940fec3b,0.04277856997351803
ck_31742076e9a998f8,0.520554084334895
ck_5ac335f02280271e,0.7387247911998369
ck_7cc2e091806cfa5b,0.7829293135058056
ck_3152c7115257f084,0.2532083927480139
ck_ab1b9d019921bca7,0.41006314931758
ck_c33a762d98f9b290,0.27235689549806474
ck_b16a7c51b6f7a6b1,0.8429415359543697
ck_97402a153348e68f,0.2839274801385211
ck_95391029a21caa24,0.6517824404155632
ck_c2015a1200971fe9,0.6455082501527806
ck_ed4427962c68918c,0.9788144224893053
ck_c5e4a17d3efb19a4,0.9154206559380729
ck_8aec3d3dd51517c2,0.12731717254023223
ck_f5178a658225d8e4,0.12222448563862294
ck_8594f165e95316d2,0.059238134039519254
ck_f0c4aac04076a6dc,0.47537176614381754
ck_ac2f7397801036ef,0.5003055612140965
ck_d1ea4bcc407c7d5e,0.20822978203300063
ck_cce8b6657a538fe0,0.6098594418415155
ck_66d0c6d6b67a8d58,0.24941943369321656
ck_1a6b30320835e57e,0.43165614178040335
ck_8cd274cc85aa35d1,0.6852719494805459
ck_ada46085a78280e4,0.34589529435730293
ck_ce1b06623e4a815e,0.06465675290283153
ck_45e70c8a9686580c,0.7929517213281728
ck_0084d8ab6b1044f3,0.18627011611326133
ck_a5f7b6fed6df2aba,0.5885516398451823
ck_94940d783e7988e6,0.3291912813200244
ck_00f9ca84d1d8ae7a,0.18292931350580566
ck_0deb56f3f6452818,0.2651049093501731
ck_a58e900469dfc3f0,0.6776125483805255
ck_028c41b195280980,0.1520880016296598
ck_7661d7ceaeb19f97,0.39397025870849456
ck_6957905a65c47879,0.717335506213078
ck_f7c6c26ef3c4ae06,0.4308413118761458
ck_8777beb11aabd66d,0.4600122224485639
ck_7db098a17374bbf8,0.9683031167243836
ck_66aeb00e44486cda,0.9352210226115298
ck_838c52cc1d315ec3,0.12189855367691996
ck_1745847cd4e5dc83,0.7573436545121206
ck_201687857ec8b3cc,0.6375229170910572
ck_81818169208a8cda,0.663882664493787
ck_3303fd3f64632c7c,0.8483601548176818
ck_edf1096809e83ef8,0.09007944591566511
ck_235ce9603c7dccbf,0.7612955795477694
ck_9df7e153868bca13,0.4490527602363007
ck_3cfeade2cf270fee,0.09639437767366062
ck_982b0bf2e2b6c4f7,0.12397636993277654
ck_faeb0da678bb86c0,0.2565084538602566
ck_e86ad2fe815b6ed9,0.22534121002240778
ck_70d69e5d1bb99e85,0.6894683234874719
ck_7e9a8924eab779e6,0.9689957221430026
ck_019d5891103e7da3,0.2876756976981055
ck_14f0484b3817eda5,0.7107761254838052
ck_85de63d278f0fbae,0.07109390914646568
ck_ae91b4cff57fb3bf,0.4219189244245264
ck_2a6d43b9f883b78e,0.9552250967610512
ck_7a4e3d553e8ab5b7,0.919617029944999
ck_fdf89dc69f700f84,0.9017722550417601
ck_f92e04024bf13558,0.05080464453045427
ck_4a522ca2dc4831a0,0.006314931757995519
ck_68ba25dc3385fea1,0.7507027907924221
ck_22128a4f0d033422,0.5368506824200449
ck_5b52ee0a13c71590,0.20195559177021796
ck_59472d17debedafc,0.7764106742717457
ck_9dde2c63acda3ba3,0.6217152169484621
ck_7510b1023cd08531,0.35832145039722957
ck_071ddaaf2e4e3671,0.27696068445711963
ck_1355db6f4010232a,0.55946221226319
ck_0a7adc2f27f98510,0.8690160928906092
ck_68250033717cd59e,0.16133632104298226
ck_7c12de74de30b788,0.9214503972295784
ck_65491367584c730c,0.39735180281116317
ck_e9047964952bee70,0.6066816052149113
ck_5567779d6ba184eb,0.6724383784884906
ck_d6ea026357ec6477,0.6111224281931147
ck_cd7dcc884e283746,0.7301283357099206
ck_0bd77fea8ed75a15,0.5472397636993278
ck_e80883208e8d0453,0.4400896312894684
ck_2ad0ecbacd5acf8e,0.9818700346302709
ck_6c1dbee7e8fdd5c8,0.42974129150539825
ck_ee4d9a7449515908,0.2759014055815848
ck_636111f7f030496c,0.21939295172132817
ck_2c629c657f73941f,0.5386025667141985
ck_c1c9d3842d758420,0.8552047260134448
ck_e4df7faacdfe8c40,0.6935424730087594
ck_94e8142728e44380,0.7322061519657772
ck_765aaf42c5088545,0.22945610103890815
ck_e0f845159b6e6a4a,0.5667956814015074
ck_5bc07deb82edbad7,0.1889183133020982
ck_713159c5c6a7a4d0,0.996129557954777
ck_b08afc91d9ca55db,0.5974943980444083
ck_a7bc323ffed2ea97,0.9121205948258302
ck_85ca825f905a34a1,0.7003055612140965
ck_33160c443d4b3f19,0.4264412303931554
ck_832d39c590a3ca75,0.9755551028722754
ck_7d1661a34164406e,0.9823181910776124
ck_c2466fc40fc9d5ed,0.9943776736606234
ck_ed0e776c0926ce67,0.6170299449989816
ck_cdd2ebeec75bfa69,0.866164188225708
ck_d7877684c7923ec3,0.30992055408433494
ck_7384d4d2406aabf4,0.2890609085353432
ck_b8e5244e650aa81b,0.7399470360562233
ck_25a1ea40b2d59254,0.09399062945610104
ck_b9e5b318ee4de68d,0.2327154206559381
ck_620d7ae27af83cea,0.25752699124057854
ck_40b4e264d1a12b83,0.9731106131595031
ck_b694c803b62862b3,0.21878182929313508
ck_cbeca201dbade3e5,0.7457730698716643
ck_f9b439c9161c3e52,0.3524139335913628
ck_9880410fcd10a28e,0.09570177225504176
ck_74928f5f91aa12b2,0.7372173558769607
ck_b6673bbe61d2680d,0.5896924017111428
ck_53c8315b5c30acb4,0.29904257486249747
ck_78f01d78ea79642f,0.5929924628233856
ck_8582490d6e365a63,0.5474842126706051
ck_af25c72d16299258,0.33122835608066814
ck_7905fe8e257b0449,0.8607455693623957
ck_0d16d9349e4a9e08,0.6392340598899979
ck_31b16b8848584e98,0.8484416378081076
ck_67207e3eecc02d76,0.44742310042778566
ck_e6b95ff91116a592,0.3548584233041353
ck_c08f622bcd6de6e7,0.37429211652067634
ck_f9a68da9e0f0bc85,0.09525361580770016
ck_4072b59388976896,0.3200651863923406
ck_8ec86e853ad52828,0.8601751884294153
ck_4fecb87eaffd5cb5,0.12458749236096964
ck_d6880578428b965e,0.900468527194948
ck_bfc82b3c1c9f2897,0.9733143206355674
ck_c340644176ca03e7,0.7005092686901608
ck_321e740066fb05c3,0.9585251578732941
ck_8929d2eb09872052,0.6646567529028317
ck_205c107cec528414,0.9366062334487676
ck_e76db7d2562f9836,0.5081686697901813
ck_9ede51c8434cff6e,0.5999592585047872
ck_492e4b89c61b7b6c,0.28543491546139743
ck_9385f5a1eeebefcd,0.695620289264616
ck_ee52c7bf88f952ab,0.47590140558158484
ck_d8116c34302021d7,0.09146465675290284
ck_01645ea51972e99a,0.6341821144836015
ck_7b45ed23304a854b,0.5584436748828682
ck_2096d32f3d497ea1,0.8637196985129354
ck_dfbb2056f1ef7d3b,0.3544102668567936
ck_938ce30c864bc7df,0.0770829089427582
ck_ff30dda2c881a4bd,0.923487471990222
ck_f88c79186a082beb,0.4499898146261968
ck_08c7bb0f9851cb76,0.7905072316154003
ck_2675e7a008e584a7,0.865838256264005
ck_cbaf8a954281d4e3,0.9755143613770624
ck_8b24eadf6c72b30c,0.9487471990222041
ck_ffc8e3c1377d0706,0.7461804848237931
ck_5b59e859bed5b40e,0.45276023630067225
ck_7b61717f172f9317,0.9747402729680179
ck_e5c30947b732f661,0.8714198411081686
ck_bc273f3ce79f7e1a,0.15942147076797716
ck_f69e93388b3028cb,0.9000611122428193
ck_3837ad850996ba60,0.4051741698920351
ck_36d78ff3bc033ee5,0.25451212059482586
ck_5e20953547ba4135,0.8915461397433286
ck_258d661e450ac870,0.39168873497657364
ck_1df66f537496ca59,0.8132002444489712
ck_361f535599110201,0.23348950906498273
ck_337e98c69f6e7886,0.30759828885720103
ck_d3d5b2717cfc3913,0.7031167243837849
ck_b1dba768dbe7affe,0.7314728050519455
ck_92d782bd9ce0d1e3,0.4977795885108984
ck_26bd0f8898afc8ba,0.2578121817070687
ck_7916e53daab36745,0.8868608677938479
ck_2caf553b31831a50,0.3230800570380933
ck_c6200734c7f9b2f9,0.974373599511102
ck_cdc55623cb16e6a9,0.045915665104909346
ck_57849e15b61c43b4,0.8717457730698717
ck_b7af9b2ee0eebbc6,0.6838459971480952
ck_00aa5fc3b3bc66aa,0.7775514361377063
ck_9929723f65636c7f,0.9993481360765941
ck_8f6cce9f69912983,0.3258504787125688
ck_c422ba389ff00781,0.07879405174169891
ck_9ec7f334604a228f,0.5408840904461194
ck_5d01200ba3341462,0.36133632104298224
ck_2bf10be403849c9a,0.39568140150743536
ck_6ca018259f70858f,0.20525565288246078
ck_a54dc042ebb7c766,0.9273171725402323
ck_79da63fc100830b5,0.5939702587084946
ck_67ab6f9e05c85085,0.4151965777144021
ck_fa80da579ea9afc0,0.4859645548991648
ck_4339f86c87289222,0.9370136484008963
ck_a2299b4f530be0d6,0.9161132613566917
ck_19db0bf788697c2b,0.2794459156651049
ck_fa4211c4d826d830,0.00822978203300061
ck_96100d5e8e051e91,0.2093298024037482
ck_5c3a671883d58b3f,0.02827459767773477
ck_2d9524787cfe1ab3,0.9328987573843959
ck_47ab8e51e5b3a2d8,0.16044000814829903
ck_c924f36bc1bbbaa3,0.37266245671216136
ck_5c58e7f8fd55e26c,0.09276838459971481
ck_a07e7409d6d5aa06,0.4316968832756162
ck_c8413898f5f7cb7d,0.8483601548176818
ck_577c816b41cab002,0.9514768792014667
ck_9f7807ed64cdb728,0.7205948258301078
ck_495d814d6d6d521e,0.06926054186188632
ck_7aa8bc018c2b003b,0.447667549399063
ck_7c3a6a82f3c3241d,0.42228559788144227
ck_487f7fbc290e4ae2,0.18565899368506825
ck_e556c4d36aadbe03,0.08567936443267468
ck_7e6569a1b2455cb0,0.08193114687309025
ck_de2924955926d046,0.5838663678957017
ck_73d60b4630e3937a,0.18166632715420655
ck_805ee564bd35ef15,0.8686494194336932
ck_0d40961e47797027,0.15013240985944185
ck_f06d00a4f9c87d80,0.09867590140558158
ck_5ef50fb07b6737d5,0.43039315542880424
ck_16541fc15683e21c,0.14854349154613974
ck_09fd43f1b7e2eca2,0.12809126094927686
ck_2a2c336a69b8d68d,0.9044611937258098
ck_2685f38930866af0,0.7774292116520676
ck_298278a9da874437,0.33188022000407413
ck_00bd7803f2530c68,0.3993888775718069
ck_c2b4a1d8c0b6c1cd,0.0012222448563862294
ck_2acb54ca20c3af6c,0.732898757384396
ck_e3d4b6f681c783ab,0.7339987777551435
ck_f90293f1eba5d7b6,0.7976369932776534
ck_e69d27e8965df0be,0.06828274597677735
ck_b7f5d10b427346ad,0.21352617641067426
ck_1ce20e4223a936b1,0.5168466082705235
ck_6b97d1ab90f6bdeb,0.20057038093298027
ck_e30e17db5473c7b2,0.0783458952943573
ck_154c8efb19dee665,0.35412507639030355
ck_6f5bb0c930644cae,0.9982481157058464
ck_9e17699baa83d173,0.08702383377469954
ck_9693b1eb70880205,0.46840497046241597
ck_1e97899875bb427b,0.35388062741902626
ck_558a82590f65df69,0.044856386229374615
ck_18df83242ff3cdbb,0.6799755551028722
ck_80ad4396e1084c68,0.6392340598899979
ck_0a993bc947bab61f,0.6966388266449378
ck_5c2d43ff841632f9,0.21042982277449584
ck_6e4b99fb9725d9fa,0.4503564880831126
ck_e0983999ca26c19e,0.7492360969647585
ck_6573c4947cc8607e,0.7580770014259522
ck_d879d645d6e44207,0.5431656141780403
ck_1375ad9f10688e4a,0.18806274190262784
ck_7501ebbf4e21f160,0.6162558565899369
ck_ca60d61cd4dc3bea,0.3046241597066613
ck_ab9ea095a5c58b4b,0.47630882053371354
ck_23756522b58df5d8,0.0477490323894887
ck_90bc176c43d85fd5,0.9010796496231412
ck_908b663b2dda94ad,0.35889183133020985
ck_4df2fb8e4b649e27,0.37298838867386436
ck_5615c6bbdef05291,0.8792422081890405
ck_b62f3e3185251f71,0.18871460582603378
ck_38d1a22850178f33,0.07374210633530251
ck_5b3ba20c8bb1383b,0.43524139335913625
ck_5576ffc6aaf6f22c,0.0429822774495824
ck_cf7a022178165e56,0.05386025667141984
ck_f2c7a4c50e2ede96,0.5117539213689143
ck_285719c77eadf915,0.14186188633122834
ck_f2aa1b677619ab19,0.1920554084334895
ck_3830c58d841e9e69,0.9589733143206356
ck_32eba3510c8eac5e,0.5582807089020168
ck_8955d7b9030d5eb5,0.3396211040945203
ck_6775e387dace7525,0.7605214911387248
ck_0a0cd7f4be606a93,0.7631289468323488
ck_a9f700eee5d638df,0.5209614992870238
ck_3d7db96995745472,0.5102872275412508
ck_aeed557007d52e9c,0.023304135261764107
ck_79b6a86830156b5a,0.623018944795274
ck_6a1ff9d69466181c,0.9959258504787126
ck_f11b1565f986f5e3,0.37966999388877576
ck_4819327a78615485,0.0691383173762477
ck_3ed9e081959b2f5c,0.4923202281523732
ck_16af4be191c47d3d,0.03927480138521084
ck_25122cc0e8b1a662,0.8171114279894074
ck_509c22828d467ba3,0.6912609492768385
ck_31109c899336348d,0.1878182929313506
ck_c51131e53baa59c7,0.10788347932369118
ck_cf8ecabbc61d3e11,0.5637400692605419
ck_eb6baff0f85ba936,0.7227133835811774
ck_777669e2243204f2,0.9738032185781218
ck_ac0ea27e692acdc9,0.5656956610307599
ck_4c6ea04ce8ca9e2c,0.43568954980647795
ck_ca54b32fca7e94cd,0.2147891627622734
ck_4dfd8947f540eb24,0.42782644123039315
ck_95aff1fe27fb24bb,0.4545121205948258
ck_c7550723b90e5615,0.14459156651049093
ck_57b3fee69bdf85e8,0.18292931350580566
ck_f823407ace7ff064,0.7402729680179262
ck_a69084a068bcc8aa,0.7504990833163577
ck_c7b17f7b24bef5d7,0.47292727643104493
ck_7c4e588f927c27c8,0.7175799551843552
ck_77fdac602d0c6f95,0.8406192707272357
ck_e963d8525018d072,0.45276023630067225
ck_6e8ebaea8f7bffaf,0.002525972703198207
ck_aa42976a31cb7770,0.15371766143817478
ck_22c862a496008c96,0.9993073945813812
ck_527550dd15f38782,0.7906701975962518
ck_b3ab3c210e2c7c19,0.7346099001833367
ck_ed9c56fdb9f45ddc,0.9049093501731514
ck_b53281da70defcfa,0.4931350580566306
ck_03009b721568ee98,0.5951110205744551
ck_3d9afd862b3f4053,0.9417396618455898
ck_ad3c4be96599554a,0.4045630474638419
ck_d1c787c27d50af49,0.7665512324302302
ck_c7a9c7b2eef46a99,0.5639437767366063
ck_53036d3c6c74446c,0.9135058056630678
ck_1b1efbd9c0964c8d,0.6054186188633123
ck_d66f42a269d5c1ed,0.7012833570992056
ck_fefc49a2b8ad993e,0.5120798533306172
ck_8b3b874249adece9,0.3261764106742717
ck_193d9c87ad3f1dad,0.0280708902016704
ck_0c6a50d747593b7b,0.4464453045426767
ck_c830f3830875b47a,0.8158077001425952
ck_79e202f06d8dfe42,0.6525972703198207
ck_5c0fe988b8aa7fcb,0.9151762069667957
ck_a8382d8345f21e1e,0.1054797311061316
ck_8cb20053914692d0,0.7819107761254838
ck_1da2f69023ca4c13,0.1450804644530454
ck_38abb60995114f8f,0.6906905683438582
ck_f5791fd8fd8fd191,0.5178244041556325
ck_a4e6fc391b674335,0.9406396414748421
ck_bd771efb4a7e15d0,0.2365451212059483
ck_38ba4a6b6a292054,0.8591973925443064
ck_f7a07283345a0dce,0.22489305357506617
ck_87dc484baaf5a23a,0.24799348136076596
ck_c84ef83489badbfd,0.6688531269097576
ck_a397cd64ec5d644b,0.45166021592992467
ck_7977135c2ff61e92,0.46103075982888575
ck_52174855b243a8b0,0.83727846811978
ck_0f35e930d0614613,0.9880627419026279
ck_b170a7db522a0d6f,0.6257893664697495
ck_7af748a23775bd54,0.946221226319006
ck_52f641c9ee6fda70,0.06999388877571808
ck_c3719a30414bbb4d,0.17771440211855777
ck_2baf214ad6bc0dbf,0.769199429619067
ck_8b39d8aacfdd72b4,0.4764717865145651
ck_d39b0152116203be,0.37474027296801793
ck_ed33f8a937f9c7c8,0.7329802403748217
ck_8ef97b55a5fd6ec9,0.13803218578121818
ck_8247f008a14bd1a2,0.08604603788959055
ck_f0d349d68249d5db,0.058993685068242006
ck_a544e766540861fc,0.5237726624567122
ck_9dfaca4c7c80b10d,0.7599918517009574
ck_7e5401c362b2216a,0.07985333061723367
ck_64ff60c073fdb6db,0.6958647382358932
ck_fc5ea49518e5d637,0.19115909553880625
ck_580f136ced341298,0.06950499083316357
ck_9cbef9bc95449dca,0.3289875738439601
ck_e475a3b8ba870a7e,0.18231819107761255
ck_97e94708bcf43563,0.4275005092686902
ck_13f03ec785cbdae1,0.07243837848849052
ck_152820d8817f478c,0.3888775718068853
ck_d20d4ba60eec9945,0.5204726013444694
ck_5c45968a805132e0,0.7008352006518639
ck_bebea2cf3063fb24,0.7303320431859849
ck_c3c69aefe7ea1d2f,0.5509879812589121
ck_02028b72f26fe855,0.48702383377469954
ck_dfadff70a58a9133,0.07048278671827256
ck_6482ed4491bedcaf,0.269056834385822
ck_754cd7b4a5ae3f94,0.7733143206355673
ck_3132857aec8485bc,0.04685271949480546
ck_7ce4ca91b8f9f1c1,0.3700550010185374
ck_41938582f4351772,0.4225707883479323
ck_f87d66946252476c,0.8897535139539621
ck_8053f1879a9b4e43,0.22864127113465066
ck_93892e91387f5103,0.8213892849867591
ck_15254db133b28371,0.5634141372988388
ck_d557b9feb241b3ec,0.022041148910165002
ck_71c3a8e4c12c989f,0.41768180892238754
ck_80e3041811033443,0.5254023222652272
ck_3380d60067b4634b,0.08734976573640252
ck_a9c2cdc758df8510,0.7952332450600936
ck_3c0031d7514da17b,0.6426563454878794
ck_18d214b1418be39d,0.30063149317579957
ck_7ce768407fd48321,0.6829089427581991
ck_7a50abd42298133b,0.40688531269097583
ck_2db10f987d137582,0.7429211652067631
ck_e077d004cd1d80ae,0.23735995111020575
ck_1cb6dc67f9a321b5,0.763047463841923
ck_b864f64101149c35,0.8902831533917294
ck_9bedf54df9418e4a,0.15726217152169486
ck_c47e32c47f0e6578,0.9146058260338155
ck_71f382d5e338daa3,0.26384192299857406
ck_14b4bf7be6ac2b61,0.8790792422081891
ck_5c87eea1cc07cc92,0.7382766347524954
ck_5f445182829ef342,0.7819515176206966
ck_a5d7311291caaa54,0.3208392748013852
ck_b7df99aecef385e6,0.8552862090038704
ck_3327a0582407068b,0.696272153188022
ck_08dba09fd7dab896,0.6322265227133835
ck_f4ec334be5266378,0.16655123243023018
ck_240f7f894c5a86e7,0.894316561417804
ck_a9d994554fc14a02,0.03683031167243837
ck_13648cbd306eee6d,0.4915461397433286
ck_601edf9105b3c321,0.9875331024648606
ck_9527adac182abe57,0.9392136891423915
ck_4e0e80f5cc271bf7,0.10242411896516601
ck_96a89e720176b389,0.8720309635363618
ck_63560eec94b76d2f,0.7202281523731922
ck_c9c99e5b19aeced8,0.006151965777144022
ck_bc32655ee5ed643e,0.5750662049297209
ck_edccb5a93b741744,0.30071297616622533
ck_f786cbc987b70930,0.07606437156243634
ck_0e8f26536ccc8947,0.44893053575066205
ck_b87ef4b98cfcec4c,0.6942758199225911
ck_1a9235812de4b2c1,0.5369321654104706
ck_d1ed88ea4211ba4d,0.13420248523120798
ck_a4ddac49657a4450,0.22126706050112036
ck_d9ffca35188e49d8,0.4182521898553677
ck_3db73bbe03c3d240,0.12075779181095947
ck_fffa0622344a36ab,0.017233652475045835
ck_148c28df51bba5e9,0.968873497657364
ck_076cbc25c8f15fc3,0.9889183133020982
ck_e5ca550b39ed45bf,0.9342024852312079
ck_8dacf3a2061ca17d,0.5308616826237523
ck_2d7394afd61643d0,0.1581177429211652
ck_e42206e91f6a1752,0.002485231207985333
ck_2f4f94827984c426,0.004644530454267671
ck_edfe8e90e8f4366e,0.1614992870238338
ck_646b15f753e5e9c6,0.6895905479731106
ck_66600620149c8799,0.24383784884905277
ck_4ff6fc70bccfba96,0.884008963128947
ck_41af3729590c2484,0.21784477490323897
ck_920a48ba8c583e96,0.3590547973110613
ck_0253b3e7be021306,0.11224281931146873
ck_2ae6949246ea2648,0.42693012833571
ck_db23a5100f338d72,0.36577714402118555
ck_fcb2a559474c3493,0.664167854960277
ck_0a4d7acd2a53cbbd,0.2642085964554899
ck_c5d62b2b7a6f3bac,0.9779181095946221
ck_cf59f4fc0ea690b2,0.417192910979833
ck_837be8126bb19250,0.127398655530658
ck_58955542edee1adc,0.4742310042778571
ck_1b93381d8eea58d1,0.5216948462008556
ck_97b8e05d62abdc14,0.44066001222244855
ck_71a0d645744302a3,0.3038500712976166
ck_a7b57882ab66b111,0.15216948462008556
ck_65f76421be648549,0.40639641474842125
ck_b53ea8713d32ca7c,0.6379710735383988
ck_991c4c924a1d85ff,0.9439804440822979
ck_8432ccec1a4ec7fd,0.9943776736606234
ck_64c1633297f43788,0.513465064167855
ck_4291fd9c1161d8e1,0.6374821755958443
ck_5e98ed6391d9f429,0.6943573029130168
ck_c7baebe4549fdbb4,0.7753921368914238
ck_6e67225ba59fa5ae,0.6663678957017722
ck_719602def4d35fe0,0.7162354858423304
ck_bdee7c86f5ebe81f,0.573110613159503
ck_8de38f8c7f91961f,0.6839682216337339
ck_b0b5bf9254700402,0.5400692605418619
ck_7b55d9bb1a250d4f,0.7773477286616419
ck_3954b7b0fd1d6614,0.06229374618048482
ck_f29471fe7c818d6a,0.31191688734976575
ck_9e65a8a2f587691a,0.5027907924220819
ck_eaec5f1a83b66eb0,0.9206763088205336
ck_004fe0daecbe2c1a,0.24151558362191894
ck_d17653a4a2d4a79e,0.6963943776736606
ck_0dd417fcbf19e424,0.6078631085760847
ck_4c99a6eadea143e2,0.8457526991240577
ck_74d602c907ee9119,0.14899164799348136
ck_1aa87cb62acc0ac6,0.6761051130576492
ck_094974d75e29fb2f,0.8907313098390711
ck_5ef935ac3d4d3332,0.4693012833570992
ck_b26e4ae47c9107ed,0.8942350784273783
ck_396cea6f95186ad2,0.5996740680382969
ck_48446a9e8184c7d4,0.027867182725606027
ck_31e1ede23247d56b,0.8528417192910979
ck_7afefa349b960a3e,0.614218781829293
ck_f5e02a3432571b20,0.7560806681605216
ck_64eefec062592c43,0.39841108168669787
ck_a1201284122c141f,0.5372173558769606
ck_1b34c420a4c85a95,0.31676512528009776
ck_d637a011332ba67a,0.41413729883886735
ck_99c0004d8b7079f8,0.13293949887960888
ck_948517bad569b40f,0.8316561417804034
ck_a28d6b1601b472a6,0.6458749236096966
ck_a0b4209feb31f5c0,0.9975147687920147
ck_d6d2c1f6dfc455b6,0.6851089834996944
ck_3f9e6d356d3dd3cf,0.024974536565491954
ck_d08e00c842b75176,0.5219392951721329
ck_bfdd232a7c5f2660,0.6225707883479324
ck_2cdad03ed069438c,0.5447137909961295
ck_42317c3eabd0a285,0.5298431452434305
ck_3eb73e56751c704d,0.4931350580566307
ck_ef33c04f4c9e3758,0.7459360358525158
ck_1dc23dc870f1773d,0.5384396007333468
ck_76091f357974a152,0.35506213078019966
ck_4d9eb75e8eee90fd,0.7502138928498676
ck_578f67e69e5d2cfd,0.20916683642289674
ck_3a8ce1cc724229b8,0.02750050926869016
ck_a96887f841e80fc1,0.6679568140150745
ck_d2d4a8f4a9f2c33f,0.3786514565084539
ck_11f85bc705dbe036,0.7459767773477286
ck_7429b3f87528e335,0.2196374006926054
ck_26df74feac7ec51d,0.55591770217967
ck_c78b2638fadd91ab,0.49170910572418014
ck_7eaad325abe3b50c,0.23153391729476475
ck_fd44e34af620e606,0.6588307190873905
ck_f99738dff854e25f,0.06221226319005908
ck_1ffbce3a239bb264,0.24188225707883476
ck_96c7d52ba0a766ef,0.8330413526176411
ck_cb1c00c300af3f9e,0.8602974129150539
ck_ec3d12848ced99f2,0.5892035037685883
ck_26cfd7c3c6c7bf69,0.5528620900387045
ck_7ae86b5a885affc3,0.736117335506213
ck_3edaa94d28cd48ea,0.03389692401711143
ck_3209c530c9812e39,0.14605826033815442
ck_ea62ebfc1f04b49a,0.13481360765940112
ck_5fc90b4668ea81bf,0.7298838867386434
ck_95654593cdebd141,0.39050723161540024
ck_958c0bd61820147f,0.6954980647789774
ck_8440ef1386c07194,0.16439193318394785
ck_8cd1b68dd74b1375,0.8867793848034223
ck_c9eb4df91ff07f2c,0.7256875127317173
ck_c29489366c01fe65,0.9599511102057446
ck_c965fd6bec0f0ecd,0.7634956202892648
ck_84c402b23766e1f2,0.4891831330209818
ck_181f3dae03b87136,0.8429007944591567
ck_022a8ae79eb28cf6,0.9836626604196373
ck_469c17407d17b706,0.6568751273171726
ck_1fcc5843f39148a9,0.375066204929721
ck_5debd55f361b2ddf,0.18329598696272154
ck_28cb9b03e89263f1,0.14451008352006517
ck_f067470743d3c7a2,0.84379710735384
ck_d5d225ce41a1a762,0.4910979832959869
ck_15b4840922195ffd,0.3441026685679365
ck_6bcfa37c717f19f1,0.49252393562843755
ck_8d501a0386c66be8,0.9137909961295578
ck_1a9d6190c57ea7e2,0.9300875942147077
ck_c49832eabdac5bb7,0.04448971277245875
ck_b4331140b2e0d4aa,0.38692198003666733
ck_5efbea1befdefe1b,0.9207985333061725
ck_72ff52c4824072ce,0.7050723161540028
ck_ec3715add8bbb6e9,0.33436545121205946
ck_9822f8ed05335741,0.22224485638622937
ck_c3d7d3d12a1981a3,0.2870645752699124
ck_a115a7919ac5875a,0.8133224689346099
ck_4dd4ed23e0b927b7,0.9381951517620697
ck_4c76efcc1ee6762d,0.5843960073334691
ck_3ad6e7bf452c9b21,0.3613770625381951
ck_dcbab304b55a42c7,0.24567121613363208
ck_24b53090faf722cf,0.311509472397637
ck_187317383400491d,0.21315950295375838
ck_e07fd57565c94c28,0.8321450397229577
ck_740e760fdcd27835,0.11566510490935018
ck_d3796aebda1cfed5,0.9704624159706661
ck_e541967c681cb929,0.6773680994092484
ck_431118050b834dcb,0.0025259727031982076
ck_90f3655f0c8a0074,0.19706661234467304
ck_13cd943777651aac,0.7461804848237931
ck_66accecabf3901c0,0.5850478712568751
ck_937f0da2306b2eb9,0.24208596455489917
ck_105b0c93573fd5b7,0.6881238541454471
ck_00480407160e0743,0.1168873497657364
ck_e032068be7b77d15,0.6589529435730291
ck_991b7dfd69098320,0.09260541861886332
ck_37d47cf0f34574a2,0.030515379914442857
ck_011551a596544f5d,0.07533102464860461
ck_9acd98f4fe2d474e,0.9003870442045223
ck_7c88d3d377bb61bb,0.7278060704827868
ck_e2374c7136c964fd,0.7326950499083316
ck_2fa8f2577116e9ca,0.7918109594622124
ck_d07c5b0321c685ea,0.9084538602566715
ck_bc736114a31088a7,0.4108372377266246
ck_32bb42f9bff197f8,0.6873090242411897
ck_66267bbad1f1415f,0.9933998777755143
ck_19988702ccd79201,0.4103890812792829
ck_f473a03fbcdbc4b0,0.5061723365247506
ck_e3f1d85fa5d49396,0.4629456101038908
ck_c4402ea6291df271,0.5734772866164188
ck_243bd5ca8c4ae5d0,0.19625178244041555
ck_f271e855925e8d6b,0.8942758199225912
ck_e424148c6f2223df,0.32450600937054386
ck_e4d0a9e1102a58b5,0.20089631289468324
ck_91c2a5fe69b9b1d1,0.48205337135872883
ck_5fd8924732fe403e,0.8717457730698716
ck_9a881d5433126ada,0.3743328580158892
ck_73cab88b29c7845d,0.6504379710735384
ck_5b5dea6476d4e182,0.38056630678345893
ck_ccccb17d2ca6ce94,0.8460786310857609
ck_cd1dc68e441222b1,0.9817885516398451
ck_8312c49b1431a406,0.4506824200448157
ck_25fea39897f2a559,0.42065593807292734
ck_f56200205280bddf,0.662578936646975
ck_7336611650dcc088,0.22387451619474436
ck_590716322ff147ae,0.690731309839071
ck_c82364d87875a1a1,0.6037482175595844
ck_fa4b60387d744fc5,0.1711142798940721
ck_d841eba8906e9a15,0.2240782236708087
ck_d6df562a79b9d0d9,0.402281523731921
ck_59a14d2564193101,0.17266245671216135
ck_8530158e3d7f59e7,0.4724383784884905
ck_ac68d707006c12a8,0.7941332246893461
ck_976fac1bb3dd8c58,0.5600733346913832
ck_f854fba8f4adae3d,0.7693216541047057
ck_b98e9c3ec6e7d1e7,0.28910165003055616
ck_803c0b4cf9d4bc1d,0.442778569973518
ck_76997a33c3ea5107,0.03988592381340396
ck_f1a9d832b700bda1,0.97632919128132
ck_2bd96ddb8c323d63,0.9833774699531472
ck_9e5b7acf51b1b743,0.7857812181707068
ck_09169f22194fd6aa,0.5982073742106335
ck_6d69e092f9b0848b,0.6737828478305155
ck_9f83fa5a2d3b9049,0.41091872071705027
ck_57bbb19eecb4b87c,0.13465064167854962
ck_e0e9cfabb979f428,0.2150743532287635
ck_b1ff9edc51d42f97,0.29818700346302707
ck_4682fad271d47eb0,0.9810144632308007
ck_ab33fb754c818ae3,0.7439804440822978
ck_b456f62b80e21557,0.061519657771440216
ck_16340be3f2a7fffd,0.057812181707068644
ck_ce66831f6611014c,0.45585658993685063
ck_4610a073bb54d1b1,0.4924831941332247
ck_fd038a7d33a9d6e5,0.1728661641882257
ck_c8198cb4c461304f,0.685557139947036
ck_1e7de58822000dea,0.08364228967203098
ck_b2a79dd3df560f14,0.7078834793236912
ck_74a06f347b32347f,0.534202485231208
ck_c6fdb2972417c9bd,0.5579547769403137
ck_d7607a213b800bfb,0.7510694642493381
ck_df65967b8b40319c,0.022815237319209612
ck_329a73dbd585ee09,0.753962110409452
ck_74991a9e85c3b07d,0.30446119372580976
ck_bb76609b79e0bc9f,0.332572825422693
ck_f7fc1bd0b9ab1fa4,0.5326543084131188
ck_d111c98b36bdb791,0.16288449786107148
ck_f07e27d125497b66,0.6433082094112854
ck_093e3a7134e11d6b,0.25581584844163785
ck_862c7953bdea48b0,0.37490323894886945
ck_392cf2cdd515c34d,0.43768588307190875
ck_80eb91b0b4001084,0.8363414137298839
ck_5923f53b77193a58,0.8579344061927072
ck_8049f5fce32be185,0.9621511509472398
ck_ebc5a2c6cf88e252,0.6274597677734773
ck_9ea5872f14cce338,0.6094927683845996
ck_f7fbc95ebf584379,0.506335302505602
ck_bafe82c870356706,0.9905479731106132
ck_278b36c5932d9bff,0.5284986759014056
ck_6a892dd5d05c1649,0.5031167243837849
ck_0734fd90b2cabd43,0.24220818904053779
ck_9b552204498b6762,0.552332450600937
ck_f6c909c205767956,0.685231207985333
ck_32f590e87bc3d715,0.0025667141984110817
ck_66a8325f28be7562,0.2661641882257079
ck_b129261da9c3c3c9,0.3873701364840089
ck_a524071c51ddde20,0.3851293542473008
ck_ba576d6d4cb6130b,0.9273579140354451
ck_8d8226520722af78,0.7842330413526176
ck_c5b0f0d4f1655a20,0.8136484008963129
ck_61814ae9b6d8eab1,0.2389896109187207
ck_382ebf136f7fa337,0.8941535954369526
ck_423ff4ede6a9f066,0.2964351191688735
ck_546ad962d04b7de4,0.9711957628844978
ck_9473ea4a01c95f9a,0.7389284986759014
ck_9eb1da8cd35a50ce,0.2650234263597474
ck_de5eaa2cdbcb67ff,0.894316561417804
ck_537cc97d0398c922,0.8166632715420656
ck_998475a2e4dfad4e,0.4268079038500713
ck_e62eb708d2688fae,0.5282542269301284
ck_ea623358f704daa7,0.8925646771236504
ck_b911a09f328dfd4b,0.1720513342839682
ck_4b3506b624e5193c,0.7541658178855164
ck_448456f96788713b,0.6048074964351192
ck_5d5ef9e75f65d076,0.5960480749643511
ck_3b74512f774a6e5a,0.2404970462415971
ck_a032e8ac1507c6df,0.9539213689142392
ck_7e2d6b22a0ae20c2,0.7312690975758811
ck_d80283209c963f11,0.4430637604400081
ck_d1157eade2ac3975,0.8086779384803423
ck_be48f583f79427f7,0.5915257689957221
ck_0027b5d4107d65d8,0.6955388062741903
ck_94fff69584dd3b2a,0.6460786310857609
ck_75fcda73f0b43557,0.27459767773477284
ck_a1c78972e4ee4082,0.8447749032389489
ck_f0982bbdbd122f91,0.2507231615400285
ck_3199b471575aeb3a,0.16899572214300265
ck_7fa947a0b1c1cf74,0.6791607251986147
ck_a60c618b7f0e4252,0.4252189855367692
ck_722ac47c8ac9b6c3,0.9053982481157059
ck_d44dc3839a195c8a,0.8799348136076593
ck_a2c3e82fab520483,0.34475453249134247
ck_6f8ae0319c07cafe,0.07549399062945611
ck_49886ff1e2c759d6,0.7571806885312691
ck_150a1108f936e6b0,0.402607455693624
ck_e21f9f96f597695b,0.27667549399062946
ck_7297bff2b7fdcbc8,0.0037482175595844372
ck_ee949c71f4f702eb,0.9913628030148706
ck_6fc37dea4b4f35c6,0.9080464453045426
ck_e76257caa98dc25d,0.9794255449174984
ck_828eef2334e17b3a,0.6442452638011815
ck_604e1b8a8c693aa7,0.2698309227948666
ck_7743c9fe037d1f9e,0.9243837848849052
ck_864a11202e19e812,0.8901609289060908
ck_4ec040b9e3785e4a,0.04481564473416175
ck_7346e4f820d9c00a,0.9690364636382155
ck_48d4d63beb26b623,0.2159706661234467
ck_c423aa6de3ed1e01,0.11122428193114686
ck_d74b2ead8aaa3f73,0.5546139743328581
ck_1dd69a11daa7bf1a,0.48510898349969445
ck_d9143e236eef177f,0.4110002037074761
ck_f790d91e5ff0eccd,0.914768792014667
ck_69b5620e00ef5dec,0.07781625585658994
ck_cd32e58e8a1c0e85,0.5216541047056428
ck_064013b0957d87a5,0.9903442656345488
ck_a481385c2e60dc4a,0.75946221226319
ck_d72035cb29db3aa4,0.44212670605011206
ck_3759939a0205306d,0.5202281523731921
ck_f437a53fc832ec95,0.9452434304338968
ck_260ef2f3e6434819,0.6996944387859034
ck_35e411b05d22f663,0.7991851700957424
ck_8bf46e472f3e20de,0.9048278671827257
ck_d546994fc5d3e9d1,0.4451008352006519
ck_6ff0fc7487e737e7,0.9263393766551232
ck_5c67f27816ae0b6f,0.4574047667549399
ck_c5517923458106ae,0.31097983295986964
ck_d9735647a6b0b0a7,0.9529843145243431
ck_541a734fc457246f,0.8380932980240375
ck_2f6a639468f41043,0.10686494194336933
ck_bea2cf7a6b7bb900,0.5475656956610309
ck_7eebd0e6ad6c070e,0.33848034222855977
ck_b64c87d5e3b10e6a,0.9764514157669586
ck_9dd7daacb7833233,0.3901812996536973
ck_396e9ea9a6c6d7d9,0.4504787125687513
ck_1645e6cc53fa99ff,0.6537787736809941
ck_ea2a83ccb8d57490,0.14121002240782238
ck_e64f0df63e1be595,0.7981258912202078
ck_fa0b234481cb57d3,0.5770625381951517
ck_63379e3c9fe6f711,0.6056630678345896
ck_c67f7944896a0310,0.7662253004685271
ck_c10e54c9db29e6ef,0.9914442860052963
ck_7184ad7709ae4c80,0.6492157262171523
ck_f8b6069d7577fde6,0.18374414341006315
ck_18444be153bac1ca,0.9557547361988185
ck_d0982b4e0e118e4d,0.6269301283357098
ck_6faf3e6820398866,0.6809533509879813
ck_97e980463aca4644,0.2606640863719699
ck_630c835243c66b19,0.9992259115909554
ck_fe429ba3e1aa0e4f,0.51537991444286
ck_1058129ed7b48c59,0.47614585455286207
ck_04a1a46f07885296,0.5097983295986963
ck_f01e94331067edf6,0.5280097779588511
ck_77b2fb17c29f5e72,0.622367080871868
ck_4f0c5857da45fb28,0.8783051537991445
ck_2cfb9a7775e8a5bc,0.9735995111020574
ck_6846100e43659bf3,0.27194948054593604
ck_f89719a854fe11d7,0.6898757384396008
ck_bf47375e41ca3bc0,0.15115094723976372
ck_2770b0400a7bef08,0.8693012833570993
ck_2a09d142de1c77ff,0.40590751680586673
ck_857a1f5547b9ad68,0.5761662253004685
ck_185f15b1523bbcf4,0.09720920757791811
ck_ab2aed614ec1cdf8,0.5716846608270523
ck_a9e7f3b2d5dfd97b,0.21246689753513953
ck_0eeb3d9b3e697edb,0.6883683031167244
ck_fa5830d81bc8ddc1,0.16989203503768588
ck_231ae0329ebc3220,0.5514361377062539
ck_1587763dd54688c9,0.2065186392340599
ck_9f85fea4490c00cf,0.6552454675086576
ck_a2d709e7eb91e4af,0.7887146058260338
ck_43637d28c7216453,0.06066408637196985
ck_f3ab5dd853d38252,0.724831941332247
ck_4a1f0172d3bf4fd3,0.3151762069667957
ck_517620ca16505af0,0.16626604196374006
ck_9ae904fbef56065c,0.31615400285190465
ck_d5ef1f6e34bb35b8,0.8473008759421472
ck_ff42557857ae3aeb,0.002892646160114076
ck_ad9a18f58589faa7,0.33978407007537176
ck_df1a6edaa3e6b271,0.21682623752291708
ck_99021fe7225b5a68,0.8317783662660421
ck_99e52c3c2530b69e,0.9892035037685882
ck_3a4811dc4a1a891d,0.17836626604196376
ck_ba3a6be026c87079,0.28584233041352614
ck_da6d1e5cf6aba6fd,0.21588918313302097
ck_ddc7c1f3d45fe6e6,0.6011815033611734
ck_e1b1e7a7e4a15b3e,0.23320431859849258
ck_8288f7f226e08b89,0.49541658178855164
ck_c4524993ec31dbe5,0.11366877164391935
ck_8b19bb5b23b6741c,0.6925239356284376
ck_d21b38231a8a9f4a,0.8843348950906499
ck_3f730318a9792292,0.4725606029741291
ck_a4db6e94a8f77f9d,0.765614178040334
ck_a8cac8d480306839,0.00236300672234671
ck_5472214011fbc2a7,0.10254634345080464
ck_7356f47dbbbe7904,0.35791403544510086
ck_16801e628e883d78,0.525768995722143
ck_0dc1e536231c4860,0.4063556732532084
ck_7cd0634a6e60af83,0.3194948054593604
ck_ef6f8e048ae1bd4b,0.28510898349969443
ck_82f3f744209888ac,0.5598288857201059
ck_f33188c232a03526,0.9078427378284782
ck_4a59f4e10bf45d7f,0.05459360358525158
ck_d96c893721385e4e,0.3374210633530251
ck_f65ab819373edb37,0.524791199837034
ck_21cac21fc10b7768,0.29085353432470973
ck_139b54e6ccbdd7da,0.884008963128947
ck_d6f5c8741697abb3,0.6599307394581381
ck_a28d9bb5590d458f,0.8723568954980647
ck_ed26d906883bea0a,0.44937869219800375
ck_227602ad072b838b,0.03210429822774496
ck_39d5f6c17c745ab1,0.07634956202892647
ck_744eade757ba69b5,0.7559584436748829
ck_c1295d97cdf35ec2,0.2592788755347321
ck_69105f881da3c821,0.17877368099409247
ck_933789b55361d7c1,0.961091872071705
ck_b667952253503174,0.18671827256060297
ck_7bf668e25abeeb05,0.11937258097372172
ck_91742711dfdffd56,0.628844978610715
ck_af32a0660090dd68,0.5722143002648197
ck_2122f201e65f76ee,0.2730495009166836
ck_f48acb73a5d6af07,0.6454675086575677
ck_337c5684510cf432,0.8217559584436749
ck_f7bde7265053364d,0.4129965369729069
ck_c190c7b924edba75,0.7285801588918314
ck_044fa3b3a003f0b5,0.5135872886534936
ck_87eb43e3b9d96169,0.8386636789570178
ck_2d3d6c9364362017,0.024485638622937463
ck_ac55dc6cbcdf8228,0.35636585862701164
ck_61d7b0568ec5d6cf,0.8321042982277449
ck_89c74feeaffa7d09,0.19963332654308413
ck_93776b0c113f41f0,0.7969036463638216
ck_15e0b679931f7a8d,0.30205744550825014
ck_77b56c49cfdb1d81,0.835322876349562
ck_73188a826b5f499f,0.17205133428396824
ck_4f463ef25325ddfa,0.938072927276431
ck_863db2e394dc47d1,0.9801588918313303
ck_d52432ed597f3cc9,0.27602363006722347
ck_04fb61e5739642f8,0.9022204114891016
ck_2e481d75d110c06d,0.7267060501120393
ck_3fa1a523d77cd619,0.5279690364636382
ck_466dc6274fecd708,0.173110613159503
ck_e1790b3aa2241b10,0.9523731920961499
ck_84ad096a46e1a960,0.6895905479731106
ck_3be72c9c178fa00d,0.3109390914646567
ck_5a17c89219d1d9fe,0.5048278671827257
ck_4f639f4ee6ce8d9e,0.8718272560602974
ck_f4ec4a935e51b4db,0.46551232430230194
ck_f04040a830f92bac,0.31081686697901817
ck_3e4d02a04be2aaf8,0.3130169077205133
ck_4d1baef193cfb900,0.6469749439804441
ck_0fb3153d37626b75,0.03911183540435934
ck_88ec57a11b11f702,0.9797922183744143
ck_dca9dc465f759db4,0.5410877979221838
ck_64f5fba6af67e024,0.24424526380118153
ck_896096cb167254ef,0.7984110816866978
ck_7878679065876b98,0.5997962925239356
ck_fe8e5a6c880ceb4e,0.5515176206966796
ck_a5e036327d3d1862,0.0428193114687309
ck_310f73940fc4cf4f,0.5612548380525565
ck_46a8db16ad00b749,0.7455286209003871
ck_0d33977c3de8cfaf,0.9917702179669993
ck_c6fff412f531db0f,0.021104094520268894
ck_bac6dadf428eaea9,0.5381951517620697
ck_1b96d9af0d7da2d5,0.252841719291098
ck_fa8a4a9e77799fcc,0.335832145039723
ck_0bf48607a874b4d1,0.08714605826033815
ck_eeb75f8a6439f65e,0.6024852312079854
ck_a209a5f7d172125e,0.3806477897738847
ck_8f346b72fb40bf14,0.2816052149113873
ck_bccbf9fef367f00f,0.4842534121002241
ck_2d1548f1ee405cc9,0.539702587084946
ck_e8298ff2dc1e9d50,0.2585047871256875
ck_77c0fb524edb4a94,0.24188225707883482
ck_28ac4c5134cb8e77,0.7784070075371765
ck_db23a0e3e54be60c,0.9575473619881849
ck_a059d00cee5cee99,0.20749643511916888
ck_3e9e3bba8bd363af,0.15791403544510083
ck_0428728df24cdab4,0.19608881645956405
ck_88cd35378075c84f,0.08482379303320432
ck_0174d76398d9dc0f,0.7788551639845183
ck_3f1287e6c27de0dc,0.40093705438989613
ck_ff822700f3605e06,1.0
ck_4563227b2038ae07,0.9110205744550826
ck_788e78065526ee19,0.6173966184558973
ck_8a16eb584093b12f,0.32715420655938077
ck_cc276f71ab6c08fd,0.7721735587696068
ck_d61d97b21002f3e9,0.7546954573232838
ck_4b2e87d86a5e415c,0.7223874516194744
ck_3e6f35e4500d2f2a,0.0282338561825219
ck_3acdb083e0d8ad61,0.13587288653493584
ck_cd655202db489010,0.19633326543084134
ck_829cbf5ccda481ae,0.19865553065797514
ck_f5882e6f98b8b4cd,0.019311468730902427
ck_767947540b234add,0.3681401507435323
ck_a6e8e8f535b1f1d1,0.7008759421470769
ck_58412a2674fea506,0.5774292116520676
ck_fae7e518a585fa61,0.6053371358728865
ck_9c60ae6958d68dbd,0.912161336321043
ck_328696b8f5e54ec6,0.8583825626400488
ck_7df3f8f4f1068d62,0.13905072316154002
ck_cfadd21458230ef7,0.6332043185984926
ck_7048bedd554c703b,0.09790181299653697
ck_50422466f145bfd7,0.02941535954369525
ck_61e1f7168cd9ff25,0.603911183540436
ck_733aff0f56f5b3c9,0.582521898553677
ck_e14892e424180549,0.25174169892035037
ck_03f6664a96de7d0f,0.6178040334080261
ck_b7f4baa2cc82fe61,0.3248726828274598
ck_1e51199a075ca0fa,0.20126298635159912
ck_0e70516fa07cfb17,0.9741698920350377
ck_0f37c554a5057801,0.9401914850275006
ck_5576b725de38d106,0.29729069056834384
ck_82f360df1e9f4eb8,0.7694846200855572
ck_395f3bd4aacd7ca6,0.5664697494398044
ck_5e8e857b63966609,0.9484620085557139
ck_93470896f0804b6b,0.9796292523935628
ck_3be854e42e76569a,0.2501120391118354
ck_0567302c57a2417e,0.8247300875942146
ck_ee535461b5f05539,0.915705846404563
ck_94a096c36162a153,0.5295172132817274
ck_dfc8f5c141fd7c63,0.4008148299042575
ck_98b34f2d704c1c2a,0.5575881034833978
ck_96dff7a09d45f116,0.7551843552658383
ck_79557434c129ba52,0.23882664493786923
ck_4596624a7c01d501,0.3830515379914443
ck_04e89fbd739243fa,0.04510083520065187
ck_6149ffaf18872dc8,0.1858627011611326
ck_cd78f0832a09bd8f,0.9451619474434712
ck_7e29c10d781c3b41,0.31965777144021185
ck_1f7ee7b23fc6f2f4,0.578610715013241
ck_c49b685d2b3ab89a,0.464167854960277
ck_84569a8fc50e73ac,0.5093094316561417
ck_b92b11d205af91eb,0.06693827663475249
ck_06280e6d6d2485b0,0.24461193725809735
ck_3c08546dd0c92863,0.567936443267468
ck_99d3983f907828bf,0.6891831330209819
ck_eccfd552aa652d3c,0.3741698920350377
ck_0cff8153881875ba,0.5925443063760439
ck_c1aebbeca6ab5ff9,0.3567325320839275
ck_538fdbbb3c2bcbbb,0.8286412711346506
ck_8c0210322733c718,0.5530250560195559
ck_0b0c93039f987abc,0.2874312487268283
ck_6d07d6d1bd227d37,0.8726828274597678
ck_9b6ee35e8cd0b11c,0.1641474842126706
ck_d838491d3d4f5ecf,0.43511916887349766
ck_0593ae243a9ebee9,0.4492564677123651
ck_ef261fc09be8eb0b,0.18541454471379099
ck_d0935b571a4a3868,0.432104298227745
ck_97d04a67a104af39,0.7472805051945406
ck_e25f70d0b7229420,0.6403748217559585
ck_9b71274ff83de482,0.9862701161132614
ck_6de2aa2bb60978d3,0.6903646363821552
ck_eda55c8fb47593d7,0.36353636178447746
ck_924e572517515f19,0.9123243023018943
ck_d6f27eacbad310f4,0.3119168873497657
ck_8550f229b5eb03ab,0.17665512324302302
ck_e3e95546a84d0ed8,0.756243634141373
ck_3135c019696ee6af,0.98313302098187
ck_41ba315d8fccb559,0.30026481971888364
ck_72b86e4485da2d0f,0.9876960684457119
ck_daaa995f3c2f0e47,0.7334283968221633
ck_053746067839696b,0.6266856793644326
ck_a15fe7d0f4b65c33,0.9254838052556529
ck_15de11438732bb05,0.2614789162762273
ck_2c4d25acbe3fabd9,0.13065797514768793
ck_7f08078908599bd2,0.7947850886127521
ck_e794741742fb2619,0.450560195559177
ck_238e53b6dee8c301,0.19115909553880628
ck_53a6a33060d5c8b8,0.22481157058464046
ck_0e0919292ad33472,0.9548584233041353
ck_d86ccf148c06c8c8,0.7460990018333672
ck_c881f26c9bf9ae42,0.944265634548788
ck_4b0947bf94e9d847,0.6687716439193319
ck_e10ff5c38bd18470,0.4188633122835608
ck_b60de9e97aad9e45,0.9527806070482786
ck_190bc849e5ff5401,0.6207781625585659
ck_e7be077aa0b2632c,0.12837645141576695
ck_a51abde881ebeff3,0.561743735995111
ck_2208392a9f6bd249,0.6636789570177226
ck_0259da8f109017e9,0.42350784273782843
ck_05e01ab9c95449da,0.5772662456712161
ck_c82897ebffb6ae66,0.1859441841515584
ck_b4a6bb4689cd7cfa,0.5392136891423915
ck_9e21ea33018ce538,0.37522917091057245
ck_caa348f0e65db062,0.9843145243430435
ck_a964e6b5d8415334,0.9529435730291302
ck_510bfbbee37ff436,0.3327765328987574
ck_9741a82faf5c7889,0.4231819107761255
ck_e7f61b4a39ba98ac,0.015441026685679366
ck_069d158665a53909,0.6888572010592788
ck_6426427efe3228af,0.6964351191688736
ck_ab4a8d02ec3c0fd7,0.049826848645345284
ck_aefa0d8d933e0eca,0.6590751680586677
ck_232325ef6bce92f1,0.25915665104909347
ck_14e58c3fb26a2b4d,0.3904664901201874
ck_06e73afdec26aecc,0.8813200244448971
ck_3168f4f2778d64e1,0.40884090446119375
ck_ff3998d6858daa21,0.07724587492360971
ck_bccff46fb0868454,0.9187207170503158
ck_c7d444d90fa86d7c,0.9568140150743533
ck_f0bc3bdee6bfbb94,0.6627826441230393
ck_f7112818a6d81422,0.8951721328172745
ck_aca35dbcb835ad02,0.8230596862904868
ck_f637fabf0f60528f,0.563047463841923
ck_53d17ab97de1ac3e,0.25915665104909347
ck_c8c1bf16d9113493,0.729313505805663
ck_e842fb0cf055a83b,0.8158891831330211
ck_93c0cb3dac4891fe,0.3396618455897331
ck_0c1f088e17e46daf,0.6650641678549603
ck_8f4b384955bf57c9,0.21580770014259523
ck_09cd5c4df1e81ac2,0.8141372988388674
ck_1e832a5b2342554f,0.6385007129761662
ck_2cb763a881aee27f,0.09366469749439804
ck_5875828b11406398,0.26514565084538605
ck_48e84b0cb0b90fa7,0.667895701772255
ck_833688de8629c5c0,0.07345691586881238
ck_117d78ccd5820f36,0.3263801181503361
ck_668ec61c4c39cae3,0.0401303727846812
ck_73a7794b659d7a34,0.264167854960277
ck_10f90d879209734f,0.38109594622122633
ck_d1d079913aa158bf,0.47973110613159503
ck_01c631b38e8a9535,0.3195355469545732
ck_f6923088c17a04e2,0.774740272968018
ck_b447badc9138987d,0.02676716235485842
ck_8b772caed8f1541c,0.2510898349969444
ck_5403c76fe68a08ba,0.9344061927072724
ck_3e6833574edf1736,0.5725809737217356
ck_e527fbb9450a4581,0.9676919942961906
ck_cc90e219f1ebf390,0.009655734365451212
